time, object, center-x, center-y, radius, half-width, half-height
1,goal,50,300,,50,300.0
1,upper-wall,475,25,,10,150.0
1,lower-wall,795,345,,10,150.0
1,A,449,75,30,,
1,B,625,598,30,,
1,paddle,687,237,,0,0
2,goal,50,300,,50,300.0
2,upper-wall,475,25,,10,150.0
2,lower-wall,795,345,,10,150.0
2,A,449,75,30,,
2,B,625,597,30,,
2,paddle,687,237,,0,0
3,goal,50,300,,50,300.0
3,upper-wall,475,25,,10,150.0
3,lower-wall,795,345,,10,150.0
3,A,448,75,30,,
3,B,625,595,30,,
3,paddle,687,237,,0,0
4,goal,50,300,,50,300.0
4,upper-wall,475,25,,10,150.0
4,lower-wall,795,345,,10,150.0
4,A,448,75,30,,
4,B,625,593,30,,
4,paddle,687,237,,0,0
5,goal,50,300,,50,300.0
5,upper-wall,475,25,,10,150.0
5,lower-wall,795,345,,10,150.0
5,A,447,75,30,,
5,B,625,591,30,,
5,paddle,687,237,,0,0
6,goal,50,300,,50,300.0
6,upper-wall,475,25,,10,150.0
6,lower-wall,795,345,,10,150.0
6,A,446,75,30,,
6,B,625,590,30,,
6,paddle,687,237,,0,0
7,goal,50,300,,50,300.0
7,upper-wall,475,25,,10,150.0
7,lower-wall,795,345,,10,150.0
7,A,446,75,30,,
7,B,625,588,30,,
7,paddle,687,237,,0,0
8,goal,50,300,,50,300.0
8,upper-wall,475,25,,10,150.0
8,lower-wall,795,345,,10,150.0
8,A,445,75,30,,
8,B,625,586,30,,
8,paddle,687,237,,0,0
9,goal,50,300,,50,300.0
9,upper-wall,475,25,,10,150.0
9,lower-wall,795,345,,10,150.0
9,A,444,75,30,,
9,B,625,585,30,,
9,paddle,687,237,,0,0
10,goal,50,300,,50,300.0
10,upper-wall,475,25,,10,150.0
10,lower-wall,795,345,,10,150.0
10,A,444,75,30,,
10,B,625,583,30,,
10,paddle,687,237,,0,0
11,goal,50,300,,50,300.0
11,upper-wall,475,25,,10,150.0
11,lower-wall,795,345,,10,150.0
11,A,443,75,30,,
11,B,625,581,30,,
11,paddle,687,237,,0,0
12,goal,50,300,,50,300.0
12,upper-wall,475,25,,10,150.0
12,lower-wall,795,345,,10,150.0
12,A,443,75,30,,
12,B,625,580,30,,
12,paddle,687,237,,0,0
13,goal,50,300,,50,300.0
13,upper-wall,475,25,,10,150.0
13,lower-wall,795,345,,10,150.0
13,A,442,75,30,,
13,B,625,578,30,,
13,paddle,687,237,,0,0
14,goal,50,300,,50,300.0
14,upper-wall,475,25,,10,150.0
14,lower-wall,795,345,,10,150.0
14,A,441,75,30,,
14,B,625,576,30,,
14,paddle,687,237,,0,0
15,goal,50,300,,50,300.0
15,upper-wall,475,25,,10,150.0
15,lower-wall,795,345,,10,150.0
15,A,441,75,30,,
15,B,625,574,30,,
15,paddle,687,237,,0,0
16,goal,50,300,,50,300.0
16,upper-wall,475,25,,10,150.0
16,lower-wall,795,345,,10,150.0
16,A,440,75,30,,
16,B,625,573,30,,
16,paddle,687,237,,0,0
17,goal,50,300,,50,300.0
17,upper-wall,475,25,,10,150.0
17,lower-wall,795,345,,10,150.0
17,A,439,75,30,,
17,B,625,571,30,,
17,paddle,687,237,,0,0
18,goal,50,300,,50,300.0
18,upper-wall,475,25,,10,150.0
18,lower-wall,795,345,,10,150.0
18,A,439,75,30,,
18,B,625,569,30,,
18,paddle,687,237,,0,0
19,goal,50,300,,50,300.0
19,upper-wall,475,25,,10,150.0
19,lower-wall,795,345,,10,150.0
19,A,438,75,30,,
19,B,625,568,30,,
19,paddle,687,237,,0,0
20,goal,50,300,,50,300.0
20,upper-wall,475,25,,10,150.0
20,lower-wall,795,345,,10,150.0
20,A,438,75,30,,
20,B,625,566,30,,
20,paddle,687,237,,0,0
21,goal,50,300,,50,300.0
21,upper-wall,475,25,,10,150.0
21,lower-wall,795,345,,10,150.0
21,A,437,75,30,,
21,B,625,564,30,,
21,paddle,687,237,,0,0
22,goal,50,300,,50,300.0
22,upper-wall,475,25,,10,150.0
22,lower-wall,795,345,,10,150.0
22,A,436,75,30,,
22,B,625,563,30,,
22,paddle,687,237,,0,0
23,goal,50,300,,50,300.0
23,upper-wall,475,25,,10,150.0
23,lower-wall,795,345,,10,150.0
23,A,436,75,30,,
23,B,625,561,30,,
23,paddle,687,237,,0,0
24,goal,50,300,,50,300.0
24,upper-wall,475,25,,10,150.0
24,lower-wall,795,345,,10,150.0
24,A,435,75,30,,
24,B,625,559,30,,
24,paddle,687,237,,0,0
25,goal,50,300,,50,300.0
25,upper-wall,475,25,,10,150.0
25,lower-wall,795,345,,10,150.0
25,A,434,75,30,,
25,B,625,557,30,,
25,paddle,687,237,,0,0
26,goal,50,300,,50,300.0
26,upper-wall,475,25,,10,150.0
26,lower-wall,795,345,,10,150.0
26,A,434,75,30,,
26,B,625,556,30,,
26,paddle,687,237,,0,0
27,goal,50,300,,50,300.0
27,upper-wall,475,25,,10,150.0
27,lower-wall,795,345,,10,150.0
27,A,433,75,30,,
27,B,625,554,30,,
27,paddle,687,237,,0,0
28,goal,50,300,,50,300.0
28,upper-wall,475,25,,10,150.0
28,lower-wall,795,345,,10,150.0
28,A,433,75,30,,
28,B,625,552,30,,
28,paddle,687,237,,0,0
29,goal,50,300,,50,300.0
29,upper-wall,475,25,,10,150.0
29,lower-wall,795,345,,10,150.0
29,A,432,75,30,,
29,B,625,551,30,,
29,paddle,687,237,,0,0
30,goal,50,300,,50,300.0
30,upper-wall,475,25,,10,150.0
30,lower-wall,795,345,,10,150.0
30,A,431,75,30,,
30,B,625,549,30,,
30,paddle,687,237,,0,0
31,goal,50,300,,50,300.0
31,upper-wall,475,25,,10,150.0
31,lower-wall,795,345,,10,150.0
31,A,431,75,30,,
31,B,625,547,30,,
31,paddle,687,237,,0,0
32,goal,50,300,,50,300.0
32,upper-wall,475,25,,10,150.0
32,lower-wall,795,345,,10,150.0
32,A,430,75,30,,
32,B,625,546,30,,
32,paddle,687,237,,0,0
33,goal,50,300,,50,300.0
33,upper-wall,475,25,,10,150.0
33,lower-wall,795,345,,10,150.0
33,A,430,75,30,,
33,B,625,544,30,,
33,paddle,687,237,,0,0
34,goal,50,300,,50,300.0
34,upper-wall,475,25,,10,150.0
34,lower-wall,795,345,,10,150.0
34,A,429,75,30,,
34,B,625,542,30,,
34,paddle,687,237,,0,0
35,goal,50,300,,50,300.0
35,upper-wall,475,25,,10,150.0
35,lower-wall,795,345,,10,150.0
35,A,428,75,30,,
35,B,625,540,30,,
35,paddle,687,237,,0,0
36,goal,50,300,,50,300.0
36,upper-wall,475,25,,10,150.0
36,lower-wall,795,345,,10,150.0
36,A,428,75,30,,
36,B,625,539,30,,
36,paddle,687,237,,0,0
37,goal,50,300,,50,300.0
37,upper-wall,475,25,,10,150.0
37,lower-wall,795,345,,10,150.0
37,A,427,75,30,,
37,B,625,537,30,,
37,paddle,687,237,,0,0
38,goal,50,300,,50,300.0
38,upper-wall,475,25,,10,150.0
38,lower-wall,795,345,,10,150.0
38,A,426,75,30,,
38,B,625,535,30,,
38,paddle,687,237,,0,0
39,goal,50,300,,50,300.0
39,upper-wall,475,25,,10,150.0
39,lower-wall,795,345,,10,150.0
39,A,426,75,30,,
39,B,625,534,30,,
39,paddle,687,237,,0,0
40,goal,50,300,,50,300.0
40,upper-wall,475,25,,10,150.0
40,lower-wall,795,345,,10,150.0
40,A,425,75,30,,
40,B,625,532,30,,
40,paddle,687,237,,0,0
41,goal,50,300,,50,300.0
41,upper-wall,475,25,,10,150.0
41,lower-wall,795,345,,10,150.0
41,A,425,75,30,,
41,B,625,530,30,,
41,paddle,687,237,,0,0
42,goal,50,300,,50,300.0
42,upper-wall,475,25,,10,150.0
42,lower-wall,795,345,,10,150.0
42,A,424,75,30,,
42,B,625,529,30,,
42,paddle,687,237,,0,0
43,goal,50,300,,50,300.0
43,upper-wall,475,25,,10,150.0
43,lower-wall,795,345,,10,150.0
43,A,423,75,30,,
43,B,625,527,30,,
43,paddle,687,237,,0,0
44,goal,50,300,,50,300.0
44,upper-wall,475,25,,10,150.0
44,lower-wall,795,345,,10,150.0
44,A,423,75,30,,
44,B,625,525,30,,
44,paddle,687,237,,0,0
45,goal,50,300,,50,300.0
45,upper-wall,475,25,,10,150.0
45,lower-wall,795,345,,10,150.0
45,A,422,75,30,,
45,B,625,523,30,,
45,paddle,687,237,,0,0
46,goal,50,300,,50,300.0
46,upper-wall,475,25,,10,150.0
46,lower-wall,795,345,,10,150.0
46,A,421,75,30,,
46,B,625,522,30,,
46,paddle,687,237,,0,0
47,goal,50,300,,50,300.0
47,upper-wall,475,25,,10,150.0
47,lower-wall,795,345,,10,150.0
47,A,421,75,30,,
47,B,625,520,30,,
47,paddle,687,237,,0,0
48,goal,50,300,,50,300.0
48,upper-wall,475,25,,10,150.0
48,lower-wall,795,345,,10,150.0
48,A,420,75,30,,
48,B,625,518,30,,
48,paddle,687,237,,0,0
49,goal,50,300,,50,300.0
49,upper-wall,475,25,,10,150.0
49,lower-wall,795,345,,10,150.0
49,A,420,75,30,,
49,B,625,517,30,,
49,paddle,687,237,,0,0
50,goal,50,300,,50,300.0
50,upper-wall,475,25,,10,150.0
50,lower-wall,795,345,,10,150.0
50,A,419,75,30,,
50,B,625,515,30,,
50,paddle,687,237,,0,0
51,goal,50,300,,50,300.0
51,upper-wall,475,25,,10,150.0
51,lower-wall,795,345,,10,150.0
51,A,418,75,30,,
51,B,625,513,30,,
51,paddle,687,237,,0,0
52,goal,50,300,,50,300.0
52,upper-wall,475,25,,10,150.0
52,lower-wall,795,345,,10,150.0
52,A,418,75,30,,
52,B,625,512,30,,
52,paddle,687,237,,0,0
53,goal,50,300,,50,300.0
53,upper-wall,475,25,,10,150.0
53,lower-wall,795,345,,10,150.0
53,A,417,75,30,,
53,B,625,510,30,,
53,paddle,687,237,,0,0
54,goal,50,300,,50,300.0
54,upper-wall,475,25,,10,150.0
54,lower-wall,795,345,,10,150.0
54,A,417,75,30,,
54,B,625,508,30,,
54,paddle,687,237,,0,0
55,goal,50,300,,50,300.0
55,upper-wall,475,25,,10,150.0
55,lower-wall,795,345,,10,150.0
55,A,416,75,30,,
55,B,625,506,30,,
55,paddle,687,237,,0,0
56,goal,50,300,,50,300.0
56,upper-wall,475,25,,10,150.0
56,lower-wall,795,345,,10,150.0
56,A,415,75,30,,
56,B,625,505,30,,
56,paddle,687,237,,0,0
57,goal,50,300,,50,300.0
57,upper-wall,475,25,,10,150.0
57,lower-wall,795,345,,10,150.0
57,A,415,75,30,,
57,B,625,503,30,,
57,paddle,687,237,,0,0
58,goal,50,300,,50,300.0
58,upper-wall,475,25,,10,150.0
58,lower-wall,795,345,,10,150.0
58,A,414,75,30,,
58,B,625,501,30,,
58,paddle,687,237,,0,0
59,goal,50,300,,50,300.0
59,upper-wall,475,25,,10,150.0
59,lower-wall,795,345,,10,150.0
59,A,413,75,30,,
59,B,625,500,30,,
59,paddle,687,237,,0,0
60,goal,50,300,,50,300.0
60,upper-wall,475,25,,10,150.0
60,lower-wall,795,345,,10,150.0
60,A,413,75,30,,
60,B,625,498,30,,
60,paddle,687,237,,0,0
61,goal,50,300,,50,300.0
61,upper-wall,475,25,,10,150.0
61,lower-wall,795,345,,10,150.0
61,A,412,75,30,,
61,B,625,496,30,,
61,paddle,687,237,,0,0
62,goal,50,300,,50,300.0
62,upper-wall,475,25,,10,150.0
62,lower-wall,795,345,,10,150.0
62,A,412,75,30,,
62,B,625,495,30,,
62,paddle,687,237,,0,0
63,goal,50,300,,50,300.0
63,upper-wall,475,25,,10,150.0
63,lower-wall,795,345,,10,150.0
63,A,411,75,30,,
63,B,625,493,30,,
63,paddle,687,237,,0,0
64,goal,50,300,,50,300.0
64,upper-wall,475,25,,10,150.0
64,lower-wall,795,345,,10,150.0
64,A,410,75,30,,
64,B,625,491,30,,
64,paddle,687,237,,0,0
65,goal,50,300,,50,300.0
65,upper-wall,475,25,,10,150.0
65,lower-wall,795,345,,10,150.0
65,A,410,75,30,,
65,B,625,489,30,,
65,paddle,687,237,,0,0
66,goal,50,300,,50,300.0
66,upper-wall,475,25,,10,150.0
66,lower-wall,795,345,,10,150.0
66,A,409,75,30,,
66,B,625,488,30,,
66,paddle,687,237,,0,0
67,goal,50,300,,50,300.0
67,upper-wall,475,25,,10,150.0
67,lower-wall,795,345,,10,150.0
67,A,408,75,30,,
67,B,625,486,30,,
67,paddle,687,237,,0,0
68,goal,50,300,,50,300.0
68,upper-wall,475,25,,10,150.0
68,lower-wall,795,345,,10,150.0
68,A,408,75,30,,
68,B,625,484,30,,
68,paddle,687,237,,0,0
69,goal,50,300,,50,300.0
69,upper-wall,475,25,,10,150.0
69,lower-wall,795,345,,10,150.0
69,A,407,75,30,,
69,B,625,483,30,,
69,paddle,687,237,,0,0
70,goal,50,300,,50,300.0
70,upper-wall,475,25,,10,150.0
70,lower-wall,795,345,,10,150.0
70,A,407,75,30,,
70,B,625,481,30,,
70,paddle,687,237,,0,0
71,goal,50,300,,50,300.0
71,upper-wall,475,25,,10,150.0
71,lower-wall,795,345,,10,150.0
71,A,406,75,30,,
71,B,625,479,30,,
71,paddle,687,237,,0,0
72,goal,50,300,,50,300.0
72,upper-wall,475,25,,10,150.0
72,lower-wall,795,345,,10,150.0
72,A,405,75,30,,
72,B,625,478,30,,
72,paddle,687,237,,0,0
73,goal,50,300,,50,300.0
73,upper-wall,475,25,,10,150.0
73,lower-wall,795,345,,10,150.0
73,A,405,75,30,,
73,B,625,476,30,,
73,paddle,687,237,,0,0
74,goal,50,300,,50,300.0
74,upper-wall,475,25,,10,150.0
74,lower-wall,795,345,,10,150.0
74,A,404,75,30,,
74,B,625,474,30,,
74,paddle,687,237,,0,0
75,goal,50,300,,50,300.0
75,upper-wall,475,25,,10,150.0
75,lower-wall,795,345,,10,150.0
75,A,403,75,30,,
75,B,625,472,30,,
75,paddle,687,237,,0,0
76,goal,50,300,,50,300.0
76,upper-wall,475,25,,10,150.0
76,lower-wall,795,345,,10,150.0
76,A,403,75,30,,
76,B,625,471,30,,
76,paddle,687,237,,0,0
77,goal,50,300,,50,300.0
77,upper-wall,475,25,,10,150.0
77,lower-wall,795,345,,10,150.0
77,A,402,75,30,,
77,B,625,469,30,,
77,paddle,687,237,,0,0
78,goal,50,300,,50,300.0
78,upper-wall,475,25,,10,150.0
78,lower-wall,795,345,,10,150.0
78,A,402,75,30,,
78,B,625,467,30,,
78,paddle,687,237,,0,0
79,goal,50,300,,50,300.0
79,upper-wall,475,25,,10,150.0
79,lower-wall,795,345,,10,150.0
79,A,401,75,30,,
79,B,625,466,30,,
79,paddle,687,237,,0,0
80,goal,50,300,,50,300.0
80,upper-wall,475,25,,10,150.0
80,lower-wall,795,345,,10,150.0
80,A,400,75,30,,
80,B,625,464,30,,
80,paddle,687,237,,0,0
81,goal,50,300,,50,300.0
81,upper-wall,475,25,,10,150.0
81,lower-wall,795,345,,10,150.0
81,A,400,75,30,,
81,B,625,462,30,,
81,paddle,687,237,,0,0
82,goal,50,300,,50,300.0
82,upper-wall,475,25,,10,150.0
82,lower-wall,795,345,,10,150.0
82,A,399,75,30,,
82,B,625,461,30,,
82,paddle,687,237,,0,0
83,goal,50,300,,50,300.0
83,upper-wall,475,25,,10,150.0
83,lower-wall,795,345,,10,150.0
83,A,399,75,30,,
83,B,625,459,30,,
83,paddle,687,237,,0,0
84,goal,50,300,,50,300.0
84,upper-wall,475,25,,10,150.0
84,lower-wall,795,345,,10,150.0
84,A,398,75,30,,
84,B,625,457,30,,
84,paddle,687,237,,0,0
85,goal,50,300,,50,300.0
85,upper-wall,475,25,,10,150.0
85,lower-wall,795,345,,10,150.0
85,A,397,75,30,,
85,B,625,455,30,,
85,paddle,687,237,,0,0
86,goal,50,300,,50,300.0
86,upper-wall,475,25,,10,150.0
86,lower-wall,795,345,,10,150.0
86,A,397,75,30,,
86,B,625,454,30,,
86,paddle,687,237,,0,0
87,goal,50,300,,50,300.0
87,upper-wall,475,25,,10,150.0
87,lower-wall,795,345,,10,150.0
87,A,396,75,30,,
87,B,625,452,30,,
87,paddle,687,237,,0,0
88,goal,50,300,,50,300.0
88,upper-wall,475,25,,10,150.0
88,lower-wall,795,345,,10,150.0
88,A,395,75,30,,
88,B,625,450,30,,
88,paddle,687,237,,0,0
89,goal,50,300,,50,300.0
89,upper-wall,475,25,,10,150.0
89,lower-wall,795,345,,10,150.0
89,A,395,75,30,,
89,B,625,449,30,,
89,paddle,687,237,,0,0
90,goal,50,300,,50,300.0
90,upper-wall,475,25,,10,150.0
90,lower-wall,795,345,,10,150.0
90,A,394,75,30,,
90,B,625,447,30,,
90,paddle,687,237,,0,0
91,goal,50,300,,50,300.0
91,upper-wall,475,25,,10,150.0
91,lower-wall,795,345,,10,150.0
91,A,394,75,30,,
91,B,625,445,30,,
91,paddle,687,237,,0,0
92,goal,50,300,,50,300.0
92,upper-wall,475,25,,10,150.0
92,lower-wall,795,345,,10,150.0
92,A,393,75,30,,
92,B,625,444,30,,
92,paddle,687,237,,0,0
93,goal,50,300,,50,300.0
93,upper-wall,475,25,,10,150.0
93,lower-wall,795,345,,10,150.0
93,A,392,75,30,,
93,B,625,442,30,,
93,paddle,687,237,,0,0
94,goal,50,300,,50,300.0
94,upper-wall,475,25,,10,150.0
94,lower-wall,795,345,,10,150.0
94,A,392,75,30,,
94,B,625,440,30,,
94,paddle,687,237,,0,0
95,goal,50,300,,50,300.0
95,upper-wall,475,25,,10,150.0
95,lower-wall,795,345,,10,150.0
95,A,391,75,30,,
95,B,625,438,30,,
95,paddle,687,237,,0,0
96,goal,50,300,,50,300.0
96,upper-wall,475,25,,10,150.0
96,lower-wall,795,345,,10,150.0
96,A,390,75,30,,
96,B,625,437,30,,
96,paddle,687,237,,0,0
97,goal,50,300,,50,300.0
97,upper-wall,475,25,,10,150.0
97,lower-wall,795,345,,10,150.0
97,A,390,75,30,,
97,B,625,435,30,,
97,paddle,687,237,,0,0
98,goal,50,300,,50,300.0
98,upper-wall,475,25,,10,150.0
98,lower-wall,795,345,,10,150.0
98,A,389,75,30,,
98,B,625,433,30,,
98,paddle,687,237,,0,0
99,goal,50,300,,50,300.0
99,upper-wall,475,25,,10,150.0
99,lower-wall,795,345,,10,150.0
99,A,389,75,30,,
99,B,625,432,30,,
99,paddle,687,237,,0,0
100,goal,50,300,,50,300.0
100,upper-wall,475,25,,10,150.0
100,lower-wall,795,345,,10,150.0
100,A,388,75,30,,
100,B,625,430,30,,
100,paddle,687,237,,0,0
101,goal,50,300,,50,300.0
101,upper-wall,475,25,,10,150.0
101,lower-wall,795,345,,10,150.0
101,A,387,75,30,,
101,B,625,428,30,,
101,paddle,687,237,,0,0
102,goal,50,300,,50,300.0
102,upper-wall,475,25,,10,150.0
102,lower-wall,795,345,,10,150.0
102,A,387,75,30,,
102,B,625,427,30,,
102,paddle,687,237,,0,0
103,goal,50,300,,50,300.0
103,upper-wall,475,25,,10,150.0
103,lower-wall,795,345,,10,150.0
103,A,386,75,30,,
103,B,625,425,30,,
103,paddle,687,237,,0,0
104,goal,50,300,,50,300.0
104,upper-wall,475,25,,10,150.0
104,lower-wall,795,345,,10,150.0
104,A,386,75,30,,
104,B,625,423,30,,
104,paddle,687,237,,0,0
105,goal,50,300,,50,300.0
105,upper-wall,475,25,,10,150.0
105,lower-wall,795,345,,10,150.0
105,A,385,75,30,,
105,B,625,421,30,,
105,paddle,687,237,,0,0
106,goal,50,300,,50,300.0
106,upper-wall,475,25,,10,150.0
106,lower-wall,795,345,,10,150.0
106,A,384,75,30,,
106,B,625,420,30,,
106,paddle,687,237,,0,0
107,goal,50,300,,50,300.0
107,upper-wall,475,25,,10,150.0
107,lower-wall,795,345,,10,150.0
107,A,384,75,30,,
107,B,625,418,30,,
107,paddle,687,237,,0,0
108,goal,50,300,,50,300.0
108,upper-wall,475,25,,10,150.0
108,lower-wall,795,345,,10,150.0
108,A,383,75,30,,
108,B,625,416,30,,
108,paddle,687,237,,0,0
109,goal,50,300,,50,300.0
109,upper-wall,475,25,,10,150.0
109,lower-wall,795,345,,10,150.0
109,A,382,75,30,,
109,B,625,415,30,,
109,paddle,687,237,,0,0
110,goal,50,300,,50,300.0
110,upper-wall,475,25,,10,150.0
110,lower-wall,795,345,,10,150.0
110,A,382,75,30,,
110,B,625,413,30,,
110,paddle,687,237,,0,0
111,goal,50,300,,50,300.0
111,upper-wall,475,25,,10,150.0
111,lower-wall,795,345,,10,150.0
111,A,381,75,30,,
111,B,625,411,30,,
111,paddle,687,237,,0,0
112,goal,50,300,,50,300.0
112,upper-wall,475,25,,10,150.0
112,lower-wall,795,345,,10,150.0
112,A,381,75,30,,
112,B,625,410,30,,
112,paddle,687,237,,0,0
113,goal,50,300,,50,300.0
113,upper-wall,475,25,,10,150.0
113,lower-wall,795,345,,10,150.0
113,A,380,75,30,,
113,B,625,408,30,,
113,paddle,687,237,,0,0
114,goal,50,300,,50,300.0
114,upper-wall,475,25,,10,150.0
114,lower-wall,795,345,,10,150.0
114,A,379,75,30,,
114,B,625,406,30,,
114,paddle,687,237,,0,0
115,goal,50,300,,50,300.0
115,upper-wall,475,25,,10,150.0
115,lower-wall,795,345,,10,150.0
115,A,379,75,30,,
115,B,625,404,30,,
115,paddle,687,237,,0,0
116,goal,50,300,,50,300.0
116,upper-wall,475,25,,10,150.0
116,lower-wall,795,345,,10,150.0
116,A,378,75,30,,
116,B,625,403,30,,
116,paddle,687,237,,0,0
117,goal,50,300,,50,300.0
117,upper-wall,475,25,,10,150.0
117,lower-wall,795,345,,10,150.0
117,A,377,75,30,,
117,B,625,401,30,,
117,paddle,687,237,,0,0
118,goal,50,300,,50,300.0
118,upper-wall,475,25,,10,150.0
118,lower-wall,795,345,,10,150.0
118,A,377,75,30,,
118,B,625,399,30,,
118,paddle,687,237,,0,0
119,goal,50,300,,50,300.0
119,upper-wall,475,25,,10,150.0
119,lower-wall,795,345,,10,150.0
119,A,376,75,30,,
119,B,625,398,30,,
119,paddle,687,237,,0,0
120,goal,50,300,,50,300.0
120,upper-wall,475,25,,10,150.0
120,lower-wall,795,345,,10,150.0
120,A,376,75,30,,
120,B,625,396,30,,
120,paddle,687,237,,0,0
121,goal,50,300,,50,300.0
121,upper-wall,475,25,,10,150.0
121,lower-wall,795,345,,10,150.0
121,A,375,75,30,,
121,B,625,394,30,,
121,paddle,687,237,,0,0
122,goal,50,300,,50,300.0
122,upper-wall,475,25,,10,150.0
122,lower-wall,795,345,,10,150.0
122,A,374,75,30,,
122,B,625,393,30,,
122,paddle,687,237,,0,0
123,goal,50,300,,50,300.0
123,upper-wall,475,25,,10,150.0
123,lower-wall,795,345,,10,150.0
123,A,374,75,30,,
123,B,625,391,30,,
123,paddle,687,237,,0,0
124,goal,50,300,,50,300.0
124,upper-wall,475,25,,10,150.0
124,lower-wall,795,345,,10,150.0
124,A,373,75,30,,
124,B,625,389,30,,
124,paddle,687,237,,0,0
125,goal,50,300,,50,300.0
125,upper-wall,475,25,,10,150.0
125,lower-wall,795,345,,10,150.0
125,A,372,75,30,,
125,B,625,387,30,,
125,paddle,687,237,,0,0
126,goal,50,300,,50,300.0
126,upper-wall,475,25,,10,150.0
126,lower-wall,795,345,,10,150.0
126,A,372,75,30,,
126,B,625,386,30,,
126,paddle,687,237,,0,0
127,goal,50,300,,50,300.0
127,upper-wall,475,25,,10,150.0
127,lower-wall,795,345,,10,150.0
127,A,371,75,30,,
127,B,625,384,30,,
127,paddle,687,237,,0,0
128,goal,50,300,,50,300.0
128,upper-wall,475,25,,10,150.0
128,lower-wall,795,345,,10,150.0
128,A,371,75,30,,
128,B,625,382,30,,
128,paddle,687,237,,0,0
129,goal,50,300,,50,300.0
129,upper-wall,475,25,,10,150.0
129,lower-wall,795,345,,10,150.0
129,A,370,75,30,,
129,B,625,381,30,,
129,paddle,687,237,,0,0
130,goal,50,300,,50,300.0
130,upper-wall,475,25,,10,150.0
130,lower-wall,795,345,,10,150.0
130,A,369,75,30,,
130,B,625,379,30,,
130,paddle,687,237,,0,0
131,goal,50,300,,50,300.0
131,upper-wall,475,25,,10,150.0
131,lower-wall,795,345,,10,150.0
131,A,369,75,30,,
131,B,625,377,30,,
131,paddle,687,237,,0,0
132,goal,50,300,,50,300.0
132,upper-wall,475,25,,10,150.0
132,lower-wall,795,345,,10,150.0
132,A,368,75,30,,
132,B,625,376,30,,
132,paddle,687,237,,0,0
133,goal,50,300,,50,300.0
133,upper-wall,475,25,,10,150.0
133,lower-wall,795,345,,10,150.0
133,A,368,75,30,,
133,B,625,374,30,,
133,paddle,687,237,,0,0
134,goal,50,300,,50,300.0
134,upper-wall,475,25,,10,150.0
134,lower-wall,795,345,,10,150.0
134,A,367,75,30,,
134,B,625,372,30,,
134,paddle,687,237,,0,0
135,goal,50,300,,50,300.0
135,upper-wall,475,25,,10,150.0
135,lower-wall,795,345,,10,150.0
135,A,366,75,30,,
135,B,625,370,30,,
135,paddle,687,237,,0,0
136,goal,50,300,,50,300.0
136,upper-wall,475,25,,10,150.0
136,lower-wall,795,345,,10,150.0
136,A,366,75,30,,
136,B,625,369,30,,
136,paddle,687,237,,0,0
137,goal,50,300,,50,300.0
137,upper-wall,475,25,,10,150.0
137,lower-wall,795,345,,10,150.0
137,A,365,75,30,,
137,B,625,367,30,,
137,paddle,687,237,,0,0
138,goal,50,300,,50,300.0
138,upper-wall,475,25,,10,150.0
138,lower-wall,795,345,,10,150.0
138,A,364,75,30,,
138,B,625,365,30,,
138,paddle,687,237,,0,0
139,goal,50,300,,50,300.0
139,upper-wall,475,25,,10,150.0
139,lower-wall,795,345,,10,150.0
139,A,364,75,30,,
139,B,625,364,30,,
139,paddle,687,237,,0,0
140,goal,50,300,,50,300.0
140,upper-wall,475,25,,10,150.0
140,lower-wall,795,345,,10,150.0
140,A,363,75,30,,
140,B,625,362,30,,
140,paddle,687,237,,0,0
141,goal,50,300,,50,300.0
141,upper-wall,475,25,,10,150.0
141,lower-wall,795,345,,10,150.0
141,A,363,75,30,,
141,B,625,360,30,,
141,paddle,687,237,,0,0
142,goal,50,300,,50,300.0
142,upper-wall,475,25,,10,150.0
142,lower-wall,795,345,,10,150.0
142,A,362,75,30,,
142,B,625,359,30,,
142,paddle,687,237,,0,0
143,goal,50,300,,50,300.0
143,upper-wall,475,25,,10,150.0
143,lower-wall,795,345,,10,150.0
143,A,361,75,30,,
143,B,625,357,30,,
143,paddle,687,237,,0,0
144,goal,50,300,,50,300.0
144,upper-wall,475,25,,10,150.0
144,lower-wall,795,345,,10,150.0
144,A,361,75,30,,
144,B,625,355,30,,
144,paddle,687,237,,0,0
145,goal,50,300,,50,300.0
145,upper-wall,475,25,,10,150.0
145,lower-wall,795,345,,10,150.0
145,A,360,75,30,,
145,B,625,353,30,,
145,paddle,687,237,,0,0
146,goal,50,300,,50,300.0
146,upper-wall,475,25,,10,150.0
146,lower-wall,795,345,,10,150.0
146,A,359,75,30,,
146,B,625,352,30,,
146,paddle,687,237,,0,0
147,goal,50,300,,50,300.0
147,upper-wall,475,25,,10,150.0
147,lower-wall,795,345,,10,150.0
147,A,359,75,30,,
147,B,625,350,30,,
147,paddle,687,237,,0,0
148,goal,50,300,,50,300.0
148,upper-wall,475,25,,10,150.0
148,lower-wall,795,345,,10,150.0
148,A,358,75,30,,
148,B,625,348,30,,
148,paddle,687,237,,0,0
149,goal,50,300,,50,300.0
149,upper-wall,475,25,,10,150.0
149,lower-wall,795,345,,10,150.0
149,A,358,75,30,,
149,B,625,347,30,,
149,paddle,687,237,,0,0
150,goal,50,300,,50,300.0
150,upper-wall,475,25,,10,150.0
150,lower-wall,795,345,,10,150.0
150,A,357,75,30,,
150,B,625,345,30,,
150,paddle,687,237,,0,0
151,goal,50,300,,50,300.0
151,upper-wall,475,25,,10,150.0
151,lower-wall,795,345,,10,150.0
151,A,356,75,30,,
151,B,625,343,30,,
151,paddle,687,237,,0,0
152,goal,50,300,,50,300.0
152,upper-wall,475,25,,10,150.0
152,lower-wall,795,345,,10,150.0
152,A,356,75,30,,
152,B,625,342,30,,
152,paddle,687,237,,0,0
153,goal,50,300,,50,300.0
153,upper-wall,475,25,,10,150.0
153,lower-wall,795,345,,10,150.0
153,A,355,75,30,,
153,B,625,340,30,,
153,paddle,687,237,,0,0
154,goal,50,300,,50,300.0
154,upper-wall,475,25,,10,150.0
154,lower-wall,795,345,,10,150.0
154,A,355,75,30,,
154,B,625,338,30,,
154,paddle,687,237,,0,0
155,goal,50,300,,50,300.0
155,upper-wall,475,25,,10,150.0
155,lower-wall,795,345,,10,150.0
155,A,354,75,30,,
155,B,625,336,30,,
155,paddle,687,237,,0,0
156,goal,50,300,,50,300.0
156,upper-wall,475,25,,10,150.0
156,lower-wall,795,345,,10,150.0
156,A,353,75,30,,
156,B,625,335,30,,
156,paddle,687,237,,0,0
157,goal,50,300,,50,300.0
157,upper-wall,475,25,,10,150.0
157,lower-wall,795,345,,10,150.0
157,A,353,75,30,,
157,B,625,333,30,,
157,paddle,687,237,,0,0
158,goal,50,300,,50,300.0
158,upper-wall,475,25,,10,150.0
158,lower-wall,795,345,,10,150.0
158,A,352,75,30,,
158,B,625,331,30,,
158,paddle,687,237,,0,0
159,goal,50,300,,50,300.0
159,upper-wall,475,25,,10,150.0
159,lower-wall,795,345,,10,150.0
159,A,351,75,30,,
159,B,625,330,30,,
159,paddle,687,237,,0,0
160,goal,50,300,,50,300.0
160,upper-wall,475,25,,10,150.0
160,lower-wall,795,345,,10,150.0
160,A,351,75,30,,
160,B,625,328,30,,
160,paddle,687,237,,0,0
161,goal,50,300,,50,300.0
161,upper-wall,475,25,,10,150.0
161,lower-wall,795,345,,10,150.0
161,A,350,75,30,,
161,B,625,326,30,,
161,paddle,687,237,,0,0
162,goal,50,300,,50,300.0
162,upper-wall,475,25,,10,150.0
162,lower-wall,795,345,,10,150.0
162,A,350,75,30,,
162,B,625,325,30,,
162,paddle,687,237,,0,0
163,goal,50,300,,50,300.0
163,upper-wall,475,25,,10,150.0
163,lower-wall,795,345,,10,150.0
163,A,349,75,30,,
163,B,625,323,30,,
163,paddle,687,237,,0,0
164,goal,50,300,,50,300.0
164,upper-wall,475,25,,10,150.0
164,lower-wall,795,345,,10,150.0
164,A,348,75,30,,
164,B,625,321,30,,
164,paddle,687,237,,0,0
165,goal,50,300,,50,300.0
165,upper-wall,475,25,,10,150.0
165,lower-wall,795,345,,10,150.0
165,A,348,75,30,,
165,B,625,319,30,,
165,paddle,687,237,,0,0
166,goal,50,300,,50,300.0
166,upper-wall,475,25,,10,150.0
166,lower-wall,795,345,,10,150.0
166,A,347,75,30,,
166,B,625,318,30,,
166,paddle,687,237,,0,0
167,goal,50,300,,50,300.0
167,upper-wall,475,25,,10,150.0
167,lower-wall,795,345,,10,150.0
167,A,346,75,30,,
167,B,625,316,30,,
167,paddle,687,237,,0,0
168,goal,50,300,,50,300.0
168,upper-wall,475,25,,10,150.0
168,lower-wall,795,345,,10,150.0
168,A,346,75,30,,
168,B,625,314,30,,
168,paddle,687,237,,0,0
169,goal,50,300,,50,300.0
169,upper-wall,475,25,,10,150.0
169,lower-wall,795,345,,10,150.0
169,A,345,75,30,,
169,B,625,313,30,,
169,paddle,687,237,,0,0
170,goal,50,300,,50,300.0
170,upper-wall,475,25,,10,150.0
170,lower-wall,795,345,,10,150.0
170,A,345,75,30,,
170,B,625,311,30,,
170,paddle,687,237,,0,0
171,goal,50,300,,50,300.0
171,upper-wall,475,25,,10,150.0
171,lower-wall,795,345,,10,150.0
171,A,344,75,30,,
171,B,625,309,30,,
171,paddle,687,237,,0,0
172,goal,50,300,,50,300.0
172,upper-wall,475,25,,10,150.0
172,lower-wall,795,345,,10,150.0
172,A,343,75,30,,
172,B,625,308,30,,
172,paddle,687,237,,0,0
173,goal,50,300,,50,300.0
173,upper-wall,475,25,,10,150.0
173,lower-wall,795,345,,10,150.0
173,A,343,75,30,,
173,B,625,306,30,,
173,paddle,687,237,,0,0
174,goal,50,300,,50,300.0
174,upper-wall,475,25,,10,150.0
174,lower-wall,795,345,,10,150.0
174,A,342,75,30,,
174,B,625,304,30,,
174,paddle,687,237,,0,0
175,goal,50,300,,50,300.0
175,upper-wall,475,25,,10,150.0
175,lower-wall,795,345,,10,150.0
175,A,341,75,30,,
175,B,625,302,30,,
175,paddle,687,237,,0,0
176,goal,50,300,,50,300.0
176,upper-wall,475,25,,10,150.0
176,lower-wall,795,345,,10,150.0
176,A,341,75,30,,
176,B,625,301,30,,
176,paddle,687,237,,0,0
177,goal,50,300,,50,300.0
177,upper-wall,475,25,,10,150.0
177,lower-wall,795,345,,10,150.0
177,A,340,75,30,,
177,B,625,299,30,,
177,paddle,687,237,,0,0
178,goal,50,300,,50,300.0
178,upper-wall,475,25,,10,150.0
178,lower-wall,795,345,,10,150.0
178,A,340,75,30,,
178,B,625,297,30,,
178,paddle,687,237,,0,0
179,goal,50,300,,50,300.0
179,upper-wall,475,25,,10,150.0
179,lower-wall,795,345,,10,150.0
179,A,339,75,30,,
179,B,625,296,30,,
179,paddle,687,237,,0,0
180,goal,50,300,,50,300.0
180,upper-wall,475,25,,10,150.0
180,lower-wall,795,345,,10,150.0
180,A,338,75,30,,
180,B,625,294,30,,
180,paddle,687,237,,0,0
181,goal,50,300,,50,300.0
181,upper-wall,475,25,,10,150.0
181,lower-wall,795,345,,10,150.0
181,A,338,75,30,,
181,B,625,292,30,,
181,paddle,687,237,,0,0
182,goal,50,300,,50,300.0
182,upper-wall,475,25,,10,150.0
182,lower-wall,795,345,,10,150.0
182,A,337,75,30,,
182,B,625,291,30,,
182,paddle,687,237,,0,0
183,goal,50,300,,50,300.0
183,upper-wall,475,25,,10,150.0
183,lower-wall,795,345,,10,150.0
183,A,337,75,30,,
183,B,625,289,30,,
183,paddle,687,237,,0,0
184,goal,50,300,,50,300.0
184,upper-wall,475,25,,10,150.0
184,lower-wall,795,345,,10,150.0
184,A,336,75,30,,
184,B,625,287,30,,
184,paddle,687,237,,0,0
185,goal,50,300,,50,300.0
185,upper-wall,475,25,,10,150.0
185,lower-wall,795,345,,10,150.0
185,A,335,75,30,,
185,B,625,285,30,,
185,paddle,687,237,,0,0
186,goal,50,300,,50,300.0
186,upper-wall,475,25,,10,150.0
186,lower-wall,795,345,,10,150.0
186,A,335,75,30,,
186,B,625,284,30,,
186,paddle,687,237,,0,0
187,goal,50,300,,50,300.0
187,upper-wall,475,25,,10,150.0
187,lower-wall,795,345,,10,150.0
187,A,334,75,30,,
187,B,625,282,30,,
187,paddle,687,237,,0,0
188,goal,50,300,,50,300.0
188,upper-wall,475,25,,10,150.0
188,lower-wall,795,345,,10,150.0
188,A,333,75,30,,
188,B,625,280,30,,
188,paddle,687,237,,0,0
189,goal,50,300,,50,300.0
189,upper-wall,475,25,,10,150.0
189,lower-wall,795,345,,10,150.0
189,A,333,75,30,,
189,B,625,279,30,,
189,paddle,687,237,,0,0
190,goal,50,300,,50,300.0
190,upper-wall,475,25,,10,150.0
190,lower-wall,795,345,,10,150.0
190,A,332,75,30,,
190,B,625,277,30,,
190,paddle,687,237,,0,0
191,goal,50,300,,50,300.0
191,upper-wall,475,25,,10,150.0
191,lower-wall,795,345,,10,150.0
191,A,332,75,30,,
191,B,625,275,30,,
191,paddle,687,237,,0,0
192,goal,50,300,,50,300.0
192,upper-wall,475,25,,10,150.0
192,lower-wall,795,345,,10,150.0
192,A,331,75,30,,
192,B,625,274,30,,
192,paddle,687,237,,0,0
193,goal,50,300,,50,300.0
193,upper-wall,475,25,,10,150.0
193,lower-wall,795,345,,10,150.0
193,A,330,75,30,,
193,B,625,272,30,,
193,paddle,687,237,,0,0
194,goal,50,300,,50,300.0
194,upper-wall,475,25,,10,150.0
194,lower-wall,795,345,,10,150.0
194,A,330,75,30,,
194,B,625,270,30,,
194,paddle,687,237,,0,0
195,goal,50,300,,50,300.0
195,upper-wall,475,25,,10,150.0
195,lower-wall,795,345,,10,150.0
195,A,329,75,30,,
195,B,625,268,30,,
195,paddle,687,237,,0,0
196,goal,50,300,,50,300.0
196,upper-wall,475,25,,10,150.0
196,lower-wall,795,345,,10,150.0
196,A,328,75,30,,
196,B,625,267,30,,
196,paddle,687,237,,0,0
197,goal,50,300,,50,300.0
197,upper-wall,475,25,,10,150.0
197,lower-wall,795,345,,10,150.0
197,A,328,75,30,,
197,B,625,265,30,,
197,paddle,687,237,,0,0
198,goal,50,300,,50,300.0
198,upper-wall,475,25,,10,150.0
198,lower-wall,795,345,,10,150.0
198,A,327,75,30,,
198,B,625,263,30,,
198,paddle,687,237,,0,0
199,goal,50,300,,50,300.0
199,upper-wall,475,25,,10,150.0
199,lower-wall,795,345,,10,150.0
199,A,327,75,30,,
199,B,625,262,30,,
199,paddle,687,237,,0,0
200,goal,50,300,,50,300.0
200,upper-wall,475,25,,10,150.0
200,lower-wall,795,345,,10,150.0
200,A,326,75,30,,
200,B,625,260,30,,
200,paddle,687,237,,0,0
201,goal,50,300,,50,300.0
201,upper-wall,475,25,,10,150.0
201,lower-wall,795,345,,10,150.0
201,A,325,75,30,,
201,B,625,258,30,,
201,paddle,687,237,,0,0
202,goal,50,300,,50,300.0
202,upper-wall,475,25,,10,150.0
202,lower-wall,795,345,,10,150.0
202,A,325,75,30,,
202,B,625,257,30,,
202,paddle,687,237,,0,0
203,goal,50,300,,50,300.0
203,upper-wall,475,25,,10,150.0
203,lower-wall,795,345,,10,150.0
203,A,324,75,30,,
203,B,625,255,30,,
203,paddle,687,237,,0,0
204,goal,50,300,,50,300.0
204,upper-wall,475,25,,10,150.0
204,lower-wall,795,345,,10,150.0
204,A,324,75,30,,
204,B,625,253,30,,
204,paddle,687,237,,0,0
205,goal,50,300,,50,300.0
205,upper-wall,475,25,,10,150.0
205,lower-wall,795,345,,10,150.0
205,A,323,75,30,,
205,B,625,251,30,,
205,paddle,687,237,,0,0
206,goal,50,300,,50,300.0
206,upper-wall,475,25,,10,150.0
206,lower-wall,795,345,,10,150.0
206,A,322,75,30,,
206,B,625,250,30,,
206,paddle,687,237,,0,0
207,goal,50,300,,50,300.0
207,upper-wall,475,25,,10,150.0
207,lower-wall,795,345,,10,150.0
207,A,322,75,30,,
207,B,625,248,30,,
207,paddle,687,237,,0,0
208,goal,50,300,,50,300.0
208,upper-wall,475,25,,10,150.0
208,lower-wall,795,345,,10,150.0
208,A,321,75,30,,
208,B,625,246,30,,
208,paddle,687,237,,0,0
209,goal,50,300,,50,300.0
209,upper-wall,475,25,,10,150.0
209,lower-wall,795,345,,10,150.0
209,A,320,75,30,,
209,B,625,245,30,,
209,paddle,687,237,,0,0
210,goal,50,300,,50,300.0
210,upper-wall,475,25,,10,150.0
210,lower-wall,795,345,,10,150.0
210,A,320,75,30,,
210,B,625,243,30,,
210,paddle,687,237,,0,0
211,goal,50,300,,50,300.0
211,upper-wall,475,25,,10,150.0
211,lower-wall,795,345,,10,150.0
211,A,319,75,30,,
211,B,625,241,30,,
211,paddle,687,237,,0,0
212,goal,50,300,,50,300.0
212,upper-wall,475,25,,10,150.0
212,lower-wall,795,345,,10,150.0
212,A,319,75,30,,
212,B,625,240,30,,
212,paddle,687,237,,0,0
213,goal,50,300,,50,300.0
213,upper-wall,475,25,,10,150.0
213,lower-wall,795,345,,10,150.0
213,A,318,75,30,,
213,B,625,238,30,,
213,paddle,687,237,,0,0
214,goal,50,300,,50,300.0
214,upper-wall,475,25,,10,150.0
214,lower-wall,795,345,,10,150.0
214,A,317,75,30,,
214,B,625,236,30,,
214,paddle,687,237,,0,0
215,goal,50,300,,50,300.0
215,upper-wall,475,25,,10,150.0
215,lower-wall,795,345,,10,150.0
215,A,317,75,30,,
215,B,625,234,30,,
215,paddle,687,237,,0,0
216,goal,50,300,,50,300.0
216,upper-wall,475,25,,10,150.0
216,lower-wall,795,345,,10,150.0
216,A,316,75,30,,
216,B,625,233,30,,
216,paddle,687,237,,0,0
217,goal,50,300,,50,300.0
217,upper-wall,475,25,,10,150.0
217,lower-wall,795,345,,10,150.0
217,A,315,75,30,,
217,B,625,231,30,,
217,paddle,687,237,,0,0
218,goal,50,300,,50,300.0
218,upper-wall,475,25,,10,150.0
218,lower-wall,795,345,,10,150.0
218,A,315,75,30,,
218,B,625,229,30,,
218,paddle,687,237,,0,0
219,goal,50,300,,50,300.0
219,upper-wall,475,25,,10,150.0
219,lower-wall,795,345,,10,150.0
219,A,314,75,30,,
219,B,625,228,30,,
219,paddle,687,237,,0,0
220,goal,50,300,,50,300.0
220,upper-wall,475,25,,10,150.0
220,lower-wall,795,345,,10,150.0
220,A,314,75,30,,
220,B,625,226,30,,
220,paddle,687,237,,0,0
221,goal,50,300,,50,300.0
221,upper-wall,475,25,,10,150.0
221,lower-wall,795,345,,10,150.0
221,A,313,75,30,,
221,B,625,224,30,,
221,paddle,687,237,,0,0
222,goal,50,300,,50,300.0
222,upper-wall,475,25,,10,150.0
222,lower-wall,795,345,,10,150.0
222,A,312,75,30,,
222,B,625,223,30,,
222,paddle,687,237,,0,0
223,goal,50,300,,50,300.0
223,upper-wall,475,25,,10,150.0
223,lower-wall,795,345,,10,150.0
223,A,312,75,30,,
223,B,625,221,30,,
223,paddle,687,237,,0,0
224,goal,50,300,,50,300.0
224,upper-wall,475,25,,10,150.0
224,lower-wall,795,345,,10,150.0
224,A,311,75,30,,
224,B,625,219,30,,
224,paddle,687,237,,0,0
225,goal,50,300,,50,300.0
225,upper-wall,475,25,,10,150.0
225,lower-wall,795,345,,10,150.0
225,A,310,75,30,,
225,B,625,217,30,,
225,paddle,687,237,,0,0
226,goal,50,300,,50,300.0
226,upper-wall,475,25,,10,150.0
226,lower-wall,795,345,,10,150.0
226,A,310,75,30,,
226,B,625,216,30,,
226,paddle,687,237,,0,0
227,goal,50,300,,50,300.0
227,upper-wall,475,25,,10,150.0
227,lower-wall,795,345,,10,150.0
227,A,309,75,30,,
227,B,625,214,30,,
227,paddle,687,237,,0,0
228,goal,50,300,,50,300.0
228,upper-wall,475,25,,10,150.0
228,lower-wall,795,345,,10,150.0
228,A,309,75,30,,
228,B,625,212,30,,
228,paddle,687,237,,0,0
229,goal,50,300,,50,300.0
229,upper-wall,475,25,,10,150.0
229,lower-wall,795,345,,10,150.0
229,A,308,75,30,,
229,B,625,211,30,,
229,paddle,687,237,,0,0
230,goal,50,300,,50,300.0
230,upper-wall,475,25,,10,150.0
230,lower-wall,795,345,,10,150.0
230,A,307,75,30,,
230,B,625,209,30,,
230,paddle,687,237,,0,0
231,goal,50,300,,50,300.0
231,upper-wall,475,25,,10,150.0
231,lower-wall,795,345,,10,150.0
231,A,307,75,30,,
231,B,625,207,30,,
231,paddle,687,237,,0,0
232,goal,50,300,,50,300.0
232,upper-wall,475,25,,10,150.0
232,lower-wall,795,345,,10,150.0
232,A,306,75,30,,
232,B,625,206,30,,
232,paddle,687,237,,0,0
233,goal,50,300,,50,300.0
233,upper-wall,475,25,,10,150.0
233,lower-wall,795,345,,10,150.0
233,A,306,75,30,,
233,B,625,204,30,,
233,paddle,687,237,,0,0
234,goal,50,300,,50,300.0
234,upper-wall,475,25,,10,150.0
234,lower-wall,795,345,,10,150.0
234,A,305,75,30,,
234,B,625,202,30,,
234,paddle,687,237,,0,0
235,goal,50,300,,50,300.0
235,upper-wall,475,25,,10,150.0
235,lower-wall,795,345,,10,150.0
235,A,304,75,30,,
235,B,625,200,30,,
235,paddle,687,237,,0,0
236,goal,50,300,,50,300.0
236,upper-wall,475,25,,10,150.0
236,lower-wall,795,345,,10,150.0
236,A,304,75,30,,
236,B,625,199,30,,
236,paddle,687,237,,0,0
237,goal,50,300,,50,300.0
237,upper-wall,475,25,,10,150.0
237,lower-wall,795,345,,10,150.0
237,A,303,75,30,,
237,B,625,197,30,,
237,paddle,687,237,,0,0
238,goal,50,300,,50,300.0
238,upper-wall,475,25,,10,150.0
238,lower-wall,795,345,,10,150.0
238,A,302,75,30,,
238,B,625,195,30,,
238,paddle,687,237,,0,0
239,goal,50,300,,50,300.0
239,upper-wall,475,25,,10,150.0
239,lower-wall,795,345,,10,150.0
239,A,302,75,30,,
239,B,625,194,30,,
239,paddle,687,237,,0,0
240,goal,50,300,,50,300.0
240,upper-wall,475,25,,10,150.0
240,lower-wall,795,345,,10,150.0
240,A,301,75,30,,
240,B,625,192,30,,
240,paddle,687,237,,0,0
241,goal,50,300,,50,300.0
241,upper-wall,475,25,,10,150.0
241,lower-wall,795,345,,10,150.0
241,A,301,75,30,,
241,B,625,190,30,,
241,paddle,687,237,,0,0
242,goal,50,300,,50,300.0
242,upper-wall,475,25,,10,150.0
242,lower-wall,795,345,,10,150.0
242,A,300,75,30,,
242,B,625,189,30,,
242,paddle,687,237,,0,0
243,goal,50,300,,50,300.0
243,upper-wall,475,25,,10,150.0
243,lower-wall,795,345,,10,150.0
243,A,299,75,30,,
243,B,625,187,30,,
243,paddle,687,237,,0,0
244,goal,50,300,,50,300.0
244,upper-wall,475,25,,10,150.0
244,lower-wall,795,345,,10,150.0
244,A,299,75,30,,
244,B,625,185,30,,
244,paddle,687,237,,0,0
245,goal,50,300,,50,300.0
245,upper-wall,475,25,,10,150.0
245,lower-wall,795,345,,10,150.0
245,A,298,75,30,,
245,B,625,183,30,,
245,paddle,687,237,,0,0
246,goal,50,300,,50,300.0
246,upper-wall,475,25,,10,150.0
246,lower-wall,795,345,,10,150.0
246,A,297,75,30,,
246,B,625,182,30,,
246,paddle,687,237,,0,0
247,goal,50,300,,50,300.0
247,upper-wall,475,25,,10,150.0
247,lower-wall,795,345,,10,150.0
247,A,297,75,30,,
247,B,625,180,30,,
247,paddle,687,237,,0,0
248,goal,50,300,,50,300.0
248,upper-wall,475,25,,10,150.0
248,lower-wall,795,345,,10,150.0
248,A,296,75,30,,
248,B,625,178,30,,
248,paddle,687,237,,0,0
249,goal,50,300,,50,300.0
249,upper-wall,475,25,,10,150.0
249,lower-wall,795,345,,10,150.0
249,A,296,75,30,,
249,B,625,177,30,,
249,paddle,687,237,,0,0
250,goal,50,300,,50,300.0
250,upper-wall,475,25,,10,150.0
250,lower-wall,795,345,,10,150.0
250,A,295,75,30,,
250,B,625,175,30,,
250,paddle,687,237,,0,0
251,goal,50,300,,50,300.0
251,upper-wall,475,25,,10,150.0
251,lower-wall,795,345,,10,150.0
251,A,294,75,30,,
251,B,625,173,30,,
251,paddle,687,237,,0,0
252,goal,50,300,,50,300.0
252,upper-wall,475,25,,10,150.0
252,lower-wall,795,345,,10,150.0
252,A,294,75,30,,
252,B,625,172,30,,
252,paddle,687,237,,0,0
253,goal,50,300,,50,300.0
253,upper-wall,475,25,,10,150.0
253,lower-wall,795,345,,10,150.0
253,A,293,75,30,,
253,B,625,170,30,,
253,paddle,687,237,,0,0
254,goal,50,300,,50,300.0
254,upper-wall,475,25,,10,150.0
254,lower-wall,795,345,,10,150.0
254,A,293,75,30,,
254,B,625,168,30,,
254,paddle,687,237,,0,0
255,goal,50,300,,50,300.0
255,upper-wall,475,25,,10,150.0
255,lower-wall,795,345,,10,150.0
255,A,292,75,30,,
255,B,625,166,30,,
255,paddle,687,237,,0,0
256,goal,50,300,,50,300.0
256,upper-wall,475,25,,10,150.0
256,lower-wall,795,345,,10,150.0
256,A,291,75,30,,
256,B,625,165,30,,
256,paddle,687,237,,0,0
257,goal,50,300,,50,300.0
257,upper-wall,475,25,,10,150.0
257,lower-wall,795,345,,10,150.0
257,A,291,75,30,,
257,B,625,163,30,,
257,paddle,687,237,,0,0
258,goal,50,300,,50,300.0
258,upper-wall,475,25,,10,150.0
258,lower-wall,795,345,,10,150.0
258,A,290,75,30,,
258,B,625,161,30,,
258,paddle,687,237,,0,0
259,goal,50,300,,50,300.0
259,upper-wall,475,25,,10,150.0
259,lower-wall,795,345,,10,150.0
259,A,289,75,30,,
259,B,625,160,30,,
259,paddle,687,237,,0,0
260,goal,50,300,,50,300.0
260,upper-wall,475,25,,10,150.0
260,lower-wall,795,345,,10,150.0
260,A,289,75,30,,
260,B,625,158,30,,
260,paddle,687,237,,0,0
261,goal,50,300,,50,300.0
261,upper-wall,475,25,,10,150.0
261,lower-wall,795,345,,10,150.0
261,A,288,75,30,,
261,B,625,156,30,,
261,paddle,687,237,,0,0
262,goal,50,300,,50,300.0
262,upper-wall,475,25,,10,150.0
262,lower-wall,795,345,,10,150.0
262,A,288,75,30,,
262,B,625,155,30,,
262,paddle,687,237,,0,0
263,goal,50,300,,50,300.0
263,upper-wall,475,25,,10,150.0
263,lower-wall,795,345,,10,150.0
263,A,287,75,30,,
263,B,625,153,30,,
263,paddle,687,237,,0,0
264,goal,50,300,,50,300.0
264,upper-wall,475,25,,10,150.0
264,lower-wall,795,345,,10,150.0
264,A,286,75,30,,
264,B,625,151,30,,
264,paddle,687,237,,0,0
265,goal,50,300,,50,300.0
265,upper-wall,475,25,,10,150.0
265,lower-wall,795,345,,10,150.0
265,A,286,75,30,,
265,B,625,149,30,,
265,paddle,687,237,,0,0
266,goal,50,300,,50,300.0
266,upper-wall,475,25,,10,150.0
266,lower-wall,795,345,,10,150.0
266,A,285,75,30,,
266,B,625,148,30,,
266,paddle,687,237,,0,0
267,goal,50,300,,50,300.0
267,upper-wall,475,25,,10,150.0
267,lower-wall,795,345,,10,150.0
267,A,284,75,30,,
267,B,625,146,30,,
267,paddle,687,237,,0,0
268,goal,50,300,,50,300.0
268,upper-wall,475,25,,10,150.0
268,lower-wall,795,345,,10,150.0
268,A,284,75,30,,
268,B,625,144,30,,
268,paddle,687,237,,0,0
269,goal,50,300,,50,300.0
269,upper-wall,475,25,,10,150.0
269,lower-wall,795,345,,10,150.0
269,A,283,75,30,,
269,B,625,143,30,,
269,paddle,687,237,,0,0
270,goal,50,300,,50,300.0
270,upper-wall,475,25,,10,150.0
270,lower-wall,795,345,,10,150.0
270,A,283,75,30,,
270,B,625,141,30,,
270,paddle,687,237,,0,0
271,goal,50,300,,50,300.0
271,upper-wall,475,25,,10,150.0
271,lower-wall,795,345,,10,150.0
271,A,282,75,30,,
271,B,625,139,30,,
271,paddle,687,237,,0,0
272,goal,50,300,,50,300.0
272,upper-wall,475,25,,10,150.0
272,lower-wall,795,345,,10,150.0
272,A,281,75,30,,
272,B,625,138,30,,
272,paddle,687,237,,0,0
273,goal,50,300,,50,300.0
273,upper-wall,475,25,,10,150.0
273,lower-wall,795,345,,10,150.0
273,A,281,75,30,,
273,B,625,136,30,,
273,paddle,687,237,,0,0
274,goal,50,300,,50,300.0
274,upper-wall,475,25,,10,150.0
274,lower-wall,795,345,,10,150.0
274,A,280,75,30,,
274,B,625,134,30,,
274,paddle,687,237,,0,0
275,goal,50,300,,50,300.0
275,upper-wall,475,25,,10,150.0
275,lower-wall,795,345,,10,150.0
275,A,279,75,30,,
275,B,625,132,30,,
275,paddle,687,237,,0,0
276,goal,50,300,,50,300.0
276,upper-wall,475,25,,10,150.0
276,lower-wall,795,345,,10,150.0
276,A,279,75,30,,
276,B,625,131,30,,
276,paddle,687,237,,0,0
277,goal,50,300,,50,300.0
277,upper-wall,475,25,,10,150.0
277,lower-wall,795,345,,10,150.0
277,A,278,75,30,,
277,B,625,129,30,,
277,paddle,687,237,,0,0
278,goal,50,300,,50,300.0
278,upper-wall,475,25,,10,150.0
278,lower-wall,795,345,,10,150.0
278,A,278,75,30,,
278,B,625,127,30,,
278,paddle,687,237,,0,0
279,goal,50,300,,50,300.0
279,upper-wall,475,25,,10,150.0
279,lower-wall,795,345,,10,150.0
279,A,277,75,30,,
279,B,625,126,30,,
279,paddle,687,237,,0,0
280,goal,50,300,,50,300.0
280,upper-wall,475,25,,10,150.0
280,lower-wall,795,345,,10,150.0
280,A,276,75,30,,
280,B,625,124,30,,
280,paddle,687,237,,0,0
281,goal,50,300,,50,300.0
281,upper-wall,475,25,,10,150.0
281,lower-wall,795,345,,10,150.0
281,A,276,75,30,,
281,B,625,122,30,,
281,paddle,687,237,,0,0
282,goal,50,300,,50,300.0
282,upper-wall,475,25,,10,150.0
282,lower-wall,795,345,,10,150.0
282,A,275,75,30,,
282,B,625,121,30,,
282,paddle,687,237,,0,0
283,goal,50,300,,50,300.0
283,upper-wall,475,25,,10,150.0
283,lower-wall,795,345,,10,150.0
283,A,275,75,30,,
283,B,625,119,30,,
283,paddle,687,237,,0,0
284,goal,50,300,,50,300.0
284,upper-wall,475,25,,10,150.0
284,lower-wall,795,345,,10,150.0
284,A,274,75,30,,
284,B,625,117,30,,
284,paddle,687,237,,0,0
285,goal,50,300,,50,300.0
285,upper-wall,475,25,,10,150.0
285,lower-wall,795,345,,10,150.0
285,A,273,75,30,,
285,B,625,115,30,,
285,paddle,687,237,,0,0
286,goal,50,300,,50,300.0
286,upper-wall,475,25,,10,150.0
286,lower-wall,795,345,,10,150.0
286,A,273,75,30,,
286,B,625,114,30,,
286,paddle,687,237,,0,0
287,goal,50,300,,50,300.0
287,upper-wall,475,25,,10,150.0
287,lower-wall,795,345,,10,150.0
287,A,272,75,30,,
287,B,625,112,30,,
287,paddle,687,237,,0,0
288,goal,50,300,,50,300.0
288,upper-wall,475,25,,10,150.0
288,lower-wall,795,345,,10,150.0
288,A,271,75,30,,
288,B,625,110,30,,
288,paddle,687,237,,0,0
289,goal,50,300,,50,300.0
289,upper-wall,475,25,,10,150.0
289,lower-wall,795,345,,10,150.0
289,A,271,75,30,,
289,B,625,109,30,,
289,paddle,687,237,,0,0
290,goal,50,300,,50,300.0
290,upper-wall,475,25,,10,150.0
290,lower-wall,795,345,,10,150.0
290,A,270,75,30,,
290,B,625,107,30,,
290,paddle,687,237,,0,0
291,goal,50,300,,50,300.0
291,upper-wall,475,25,,10,150.0
291,lower-wall,795,345,,10,150.0
291,A,270,75,30,,
291,B,625,105,30,,
291,paddle,687,237,,0,0
292,goal,50,300,,50,300.0
292,upper-wall,475,25,,10,150.0
292,lower-wall,795,345,,10,150.0
292,A,269,75,30,,
292,B,625,104,30,,
292,paddle,687,237,,0,0
293,goal,50,300,,50,300.0
293,upper-wall,475,25,,10,150.0
293,lower-wall,795,345,,10,150.0
293,A,268,75,30,,
293,B,625,102,30,,
293,paddle,687,237,,0,0
294,goal,50,300,,50,300.0
294,upper-wall,475,25,,10,150.0
294,lower-wall,795,345,,10,150.0
294,A,268,75,30,,
294,B,625,100,30,,
294,paddle,687,237,,0,0
295,goal,50,300,,50,300.0
295,upper-wall,475,25,,10,150.0
295,lower-wall,795,345,,10,150.0
295,A,267,75,30,,
295,B,625,98,30,,
295,paddle,687,237,,0,0
296,goal,50,300,,50,300.0
296,upper-wall,475,25,,10,150.0
296,lower-wall,795,345,,10,150.0
296,A,266,75,30,,
296,B,625,97,30,,
296,paddle,687,237,,0,0
297,goal,50,300,,50,300.0
297,upper-wall,475,25,,10,150.0
297,lower-wall,795,345,,10,150.0
297,A,266,75,30,,
297,B,625,95,30,,
297,paddle,687,237,,0,0
298,goal,50,300,,50,300.0
298,upper-wall,475,25,,10,150.0
298,lower-wall,795,345,,10,150.0
298,A,265,75,30,,
298,B,625,93,30,,
298,paddle,687,237,,0,0
299,goal,50,300,,50,300.0
299,upper-wall,475,25,,10,150.0
299,lower-wall,795,345,,10,150.0
299,A,265,75,30,,
299,B,625,92,30,,
299,paddle,687,237,,0,0
300,goal,50,300,,50,300.0
300,upper-wall,475,25,,10,150.0
300,lower-wall,795,345,,10,150.0
300,A,264,75,30,,
300,B,625,90,30,,
300,paddle,687,237,,0,0
301,goal,50,300,,50,300.0
301,upper-wall,475,25,,10,150.0
301,lower-wall,795,345,,10,150.0
301,A,263,75,30,,
301,B,625,88,30,,
301,paddle,687,237,,0,0
302,goal,50,300,,50,300.0
302,upper-wall,475,25,,10,150.0
302,lower-wall,795,345,,10,150.0
302,A,263,75,30,,
302,B,625,87,30,,
302,paddle,687,237,,0,0
303,goal,50,300,,50,300.0
303,upper-wall,475,25,,10,150.0
303,lower-wall,795,345,,10,150.0
303,A,262,75,30,,
303,B,625,85,30,,
303,paddle,687,237,,0,0
304,goal,50,300,,50,300.0
304,upper-wall,475,25,,10,150.0
304,lower-wall,795,345,,10,150.0
304,A,262,75,30,,
304,B,625,83,30,,
304,paddle,687,237,,0,0
305,goal,50,300,,50,300.0
305,upper-wall,475,25,,10,150.0
305,lower-wall,795,345,,10,150.0
305,A,261,75,30,,
305,B,625,81,30,,
305,paddle,687,237,,0,0
306,goal,50,300,,50,300.0
306,upper-wall,475,25,,10,150.0
306,lower-wall,795,345,,10,150.0
306,A,260,75,30,,
306,B,625,80,30,,
306,paddle,687,237,,0,0
307,goal,50,300,,50,300.0
307,upper-wall,475,25,,10,150.0
307,lower-wall,795,345,,10,150.0
307,A,260,75,30,,
307,B,625,78,30,,
307,paddle,687,237,,0,0
308,goal,50,300,,50,300.0
308,upper-wall,475,25,,10,150.0
308,lower-wall,795,345,,10,150.0
308,A,259,75,30,,
308,B,625,76,30,,
308,paddle,687,237,,0,0
309,goal,50,300,,50,300.0
309,upper-wall,475,25,,10,150.0
309,lower-wall,795,345,,10,150.0
309,A,258,75,30,,
309,B,625,75,30,,
309,paddle,687,237,,0,0
310,goal,50,300,,50,300.0
310,upper-wall,475,25,,10,150.0
310,lower-wall,795,345,,10,150.0
310,A,258,75,30,,
310,B,625,73,30,,
310,paddle,687,237,,0,0
311,goal,50,300,,50,300.0
311,upper-wall,475,25,,10,150.0
311,lower-wall,795,345,,10,150.0
311,A,257,75,30,,
311,B,625,71,30,,
311,paddle,687,237,,0,0
312,goal,50,300,,50,300.0
312,upper-wall,475,25,,10,150.0
312,lower-wall,795,345,,10,150.0
312,A,257,75,30,,
312,B,625,70,30,,
312,paddle,687,237,,0,0
313,goal,50,300,,50,300.0
313,upper-wall,475,25,,10,150.0
313,lower-wall,795,345,,10,150.0
313,A,256,75,30,,
313,B,625,68,30,,
313,paddle,687,237,,0,0
314,goal,50,300,,50,300.0
314,upper-wall,475,25,,10,150.0
314,lower-wall,795,345,,10,150.0
314,A,255,75,30,,
314,B,625,66,30,,
314,paddle,687,237,,0,0
315,goal,50,300,,50,300.0
315,upper-wall,475,25,,10,150.0
315,lower-wall,795,345,,10,150.0
315,A,255,75,30,,
315,B,625,64,30,,
315,paddle,687,237,,0,0
316,goal,50,300,,50,300.0
316,upper-wall,475,25,,10,150.0
316,lower-wall,795,345,,10,150.0
316,A,254,75,30,,
316,B,625,63,30,,
316,paddle,687,237,,0,0
317,goal,50,300,,50,300.0
317,upper-wall,475,25,,10,150.0
317,lower-wall,795,345,,10,150.0
317,A,253,75,30,,
317,B,625,61,30,,
317,paddle,687,237,,0,0
318,goal,50,300,,50,300.0
318,upper-wall,475,25,,10,150.0
318,lower-wall,795,345,,10,150.0
318,A,253,75,30,,
318,B,625,59,30,,
318,paddle,687,237,,0,0
319,goal,50,300,,50,300.0
319,upper-wall,475,25,,10,150.0
319,lower-wall,795,345,,10,150.0
319,A,252,75,30,,
319,B,625,58,30,,
319,paddle,687,237,,0,0
320,goal,50,300,,50,300.0
320,upper-wall,475,25,,10,150.0
320,lower-wall,795,345,,10,150.0
320,A,252,75,30,,
320,B,625,56,30,,
320,paddle,687,237,,0,0
321,goal,50,300,,50,300.0
321,upper-wall,475,25,,10,150.0
321,lower-wall,795,345,,10,150.0
321,A,251,75,30,,
321,B,625,54,30,,
321,paddle,687,237,,0,0
322,goal,50,300,,50,300.0
322,upper-wall,475,25,,10,150.0
322,lower-wall,795,345,,10,150.0
322,A,250,75,30,,
322,B,625,53,30,,
322,paddle,687,237,,0,0
323,goal,50,300,,50,300.0
323,upper-wall,475,25,,10,150.0
323,lower-wall,795,345,,10,150.0
323,A,250,75,30,,
323,B,625,51,30,,
323,paddle,687,237,,0,0
324,goal,50,300,,50,300.0
324,upper-wall,475,25,,10,150.0
324,lower-wall,795,345,,10,150.0
324,A,249,75,30,,
324,B,625,49,30,,
324,paddle,687,237,,0,0
325,goal,50,300,,50,300.0
325,upper-wall,475,25,,10,150.0
325,lower-wall,795,345,,10,150.0
325,A,248,75,30,,
325,B,625,47,30,,
325,paddle,687,237,,0,0
326,goal,50,300,,50,300.0
326,upper-wall,475,25,,10,150.0
326,lower-wall,795,345,,10,150.0
326,A,248,75,30,,
326,B,625,46,30,,
326,paddle,687,237,,0,0
327,goal,50,300,,50,300.0
327,upper-wall,475,25,,10,150.0
327,lower-wall,795,345,,10,150.0
327,A,247,75,30,,
327,B,625,44,30,,
327,paddle,687,237,,0,0
328,goal,50,300,,50,300.0
328,upper-wall,475,25,,10,150.0
328,lower-wall,795,345,,10,150.0
328,A,247,75,30,,
328,B,625,42,30,,
328,paddle,687,237,,0,0
329,goal,50,300,,50,300.0
329,upper-wall,475,25,,10,150.0
329,lower-wall,795,345,,10,150.0
329,A,246,75,30,,
329,B,625,41,30,,
329,paddle,687,237,,0,0
330,goal,50,300,,50,300.0
330,upper-wall,475,25,,10,150.0
330,lower-wall,795,345,,10,150.0
330,A,245,75,30,,
330,B,625,39,30,,
330,paddle,687,237,,0,0
331,goal,50,300,,50,300.0
331,upper-wall,475,25,,10,150.0
331,lower-wall,795,345,,10,150.0
331,A,245,75,30,,
331,B,625,37,30,,
331,paddle,687,237,,0,0
332,goal,50,300,,50,300.0
332,upper-wall,475,25,,10,150.0
332,lower-wall,795,345,,10,150.0
332,A,244,75,30,,
332,B,625,36,30,,
332,paddle,687,237,,0,0
333,goal,50,300,,50,300.0
333,upper-wall,475,25,,10,150.0
333,lower-wall,795,345,,10,150.0
333,A,244,75,30,,
333,B,625,34,30,,
333,paddle,687,237,,0,0
334,goal,50,300,,50,300.0
334,upper-wall,475,25,,10,150.0
334,lower-wall,795,345,,10,150.0
334,A,243,75,30,,
334,B,625,32,30,,
334,paddle,687,237,,0,0
335,goal,50,300,,50,300.0
335,upper-wall,475,25,,10,150.0
335,lower-wall,795,345,,10,150.0
335,A,242,75,30,,
335,B,625,30,30,,
335,paddle,687,237,,0,0
336,goal,50,300,,50,300.0
336,upper-wall,475,25,,10,150.0
336,lower-wall,795,345,,10,150.0
336,A,242,75,30,,
336,B,625,29,30,,
336,paddle,687,237,,0,0
337,goal,50,300,,50,300.0
337,upper-wall,475,25,,10,150.0
337,lower-wall,795,345,,10,150.0
337,A,241,75,30,,
337,B,625,27,30,,
337,paddle,687,237,,0,0
338,goal,50,300,,50,300.0
338,upper-wall,475,25,,10,150.0
338,lower-wall,795,345,,10,150.0
338,A,240,75,30,,
338,B,625,25,30,,
338,paddle,687,237,,0,0
339,goal,50,300,,50,300.0
339,upper-wall,475,25,,10,150.0
339,lower-wall,795,345,,10,150.0
339,A,240,75,30,,
339,B,625,24,30,,
339,paddle,687,237,,0,0
340,goal,50,300,,50,300.0
340,upper-wall,475,25,,10,150.0
340,lower-wall,795,345,,10,150.0
340,A,239,75,30,,
340,B,625,22,30,,
340,paddle,687,237,,0,0
341,goal,50,300,,50,300.0
341,upper-wall,475,25,,10,150.0
341,lower-wall,795,345,,10,150.0
341,A,239,75,30,,
341,B,625,20,30,,
341,paddle,687,237,,0,0
342,goal,50,300,,50,300.0
342,upper-wall,475,25,,10,150.0
342,lower-wall,795,345,,10,150.0
342,A,238,75,30,,
342,B,625,19,30,,
342,paddle,687,237,,0,0
343,goal,50,300,,50,300.0
343,upper-wall,475,25,,10,150.0
343,lower-wall,795,345,,10,150.0
343,A,237,75,30,,
343,B,625,17,30,,
343,paddle,687,237,,0,0
344,goal,50,300,,50,300.0
344,upper-wall,475,25,,10,150.0
344,lower-wall,795,345,,10,150.0
344,A,237,75,30,,
344,B,625,15,30,,
344,paddle,687,237,,0,0
345,goal,50,300,,50,300.0
345,upper-wall,475,25,,10,150.0
345,lower-wall,795,345,,10,150.0
345,A,236,75,30,,
345,B,625,13,30,,
345,paddle,687,237,,0,0
346,goal,50,300,,50,300.0
346,upper-wall,475,25,,10,150.0
346,lower-wall,795,345,,10,150.0
346,A,235,75,30,,
346,B,625,12,30,,
346,paddle,687,237,,0,0
347,goal,50,300,,50,300.0
347,upper-wall,475,25,,10,150.0
347,lower-wall,795,345,,10,150.0
347,A,235,75,30,,
347,B,625,10,30,,
347,paddle,687,237,,0,0
348,goal,50,300,,50,300.0
348,upper-wall,475,25,,10,150.0
348,lower-wall,795,345,,10,150.0
348,A,234,75,30,,
348,B,625,8,30,,
348,paddle,687,237,,0,0
349,goal,50,300,,50,300.0
349,upper-wall,475,25,,10,150.0
349,lower-wall,795,345,,10,150.0
349,A,234,75,30,,
349,B,625,7,30,,
349,paddle,687,237,,0,0
350,goal,50,300,,50,300.0
350,upper-wall,475,25,,10,150.0
350,lower-wall,795,345,,10,150.0
350,A,233,75,30,,
350,B,625,5,30,,
350,paddle,687,237,,0,0
351,goal,50,300,,50,300.0
351,upper-wall,475,25,,10,150.0
351,lower-wall,795,345,,10,150.0
351,A,232,75,30,,
351,B,625,3,30,,
351,paddle,687,237,,0,0
352,goal,50,300,,50,300.0
352,upper-wall,475,25,,10,150.0
352,lower-wall,795,345,,10,150.0
352,A,232,75,30,,
352,B,625,2,30,,
352,paddle,687,237,,0,0
353,goal,50,300,,50,300.0
353,upper-wall,475,25,,10,150.0
353,lower-wall,795,345,,10,150.0
353,A,231,75,30,,
353,B,625,0,30,,
353,paddle,687,237,,0,0
354,goal,50,300,,50,300.0
354,upper-wall,475,25,,10,150.0
354,lower-wall,795,345,,10,150.0
354,A,231,75,30,,
354,B,625,-2,30,,
354,paddle,687,237,,0,0
355,goal,50,300,,50,300.0
355,upper-wall,475,25,,10,150.0
355,lower-wall,795,345,,10,150.0
355,A,230,75,30,,
355,B,625,-4,30,,
355,paddle,687,237,,0,0
356,goal,50,300,,50,300.0
356,upper-wall,475,25,,10,150.0
356,lower-wall,795,345,,10,150.0
356,A,229,75,30,,
356,B,625,-5,30,,
356,paddle,687,237,,0,0
357,goal,50,300,,50,300.0
357,upper-wall,475,25,,10,150.0
357,lower-wall,795,345,,10,150.0
357,A,229,75,30,,
357,B,625,-7,30,,
357,paddle,687,237,,0,0
358,goal,50,300,,50,300.0
358,upper-wall,475,25,,10,150.0
358,lower-wall,795,345,,10,150.0
358,A,228,75,30,,
358,B,625,-9,30,,
358,paddle,687,237,,0,0
359,goal,50,300,,50,300.0
359,upper-wall,475,25,,10,150.0
359,lower-wall,795,345,,10,150.0
359,A,227,75,30,,
359,B,625,-10,30,,
359,paddle,687,237,,0,0
360,goal,50,300,,50,300.0
360,upper-wall,475,25,,10,150.0
360,lower-wall,795,345,,10,150.0
360,A,227,75,30,,
360,B,625,-12,30,,
360,paddle,687,237,,0,0
361,goal,50,300,,50,300.0
361,upper-wall,475,25,,10,150.0
361,lower-wall,795,345,,10,150.0
361,A,226,75,30,,
361,B,625,-14,30,,
361,paddle,687,237,,0,0
362,goal,50,300,,50,300.0
362,upper-wall,475,25,,10,150.0
362,lower-wall,795,345,,10,150.0
362,A,226,75,30,,
362,B,625,-15,30,,
362,paddle,687,237,,0,0
363,goal,50,300,,50,300.0
363,upper-wall,475,25,,10,150.0
363,lower-wall,795,345,,10,150.0
363,A,225,75,30,,
363,B,625,-17,30,,
363,paddle,687,237,,0,0
364,goal,50,300,,50,300.0
364,upper-wall,475,25,,10,150.0
364,lower-wall,795,345,,10,150.0
364,A,224,75,30,,
364,B,625,-19,30,,
364,paddle,687,237,,0,0
365,goal,50,300,,50,300.0
365,upper-wall,475,25,,10,150.0
365,lower-wall,795,345,,10,150.0
365,A,224,75,30,,
365,B,625,-21,30,,
365,paddle,687,237,,0,0
366,goal,50,300,,50,300.0
366,upper-wall,475,25,,10,150.0
366,lower-wall,795,345,,10,150.0
366,A,223,75,30,,
366,B,625,-22,30,,
366,paddle,687,237,,0,0
367,goal,50,300,,50,300.0
367,upper-wall,475,25,,10,150.0
367,lower-wall,795,345,,10,150.0
367,A,222,75,30,,
367,B,625,-24,30,,
367,paddle,687,237,,0,0
368,goal,50,300,,50,300.0
368,upper-wall,475,25,,10,150.0
368,lower-wall,795,345,,10,150.0
368,A,222,75,30,,
368,B,625,-26,30,,
368,paddle,687,237,,0,0
369,goal,50,300,,50,300.0
369,upper-wall,475,25,,10,150.0
369,lower-wall,795,345,,10,150.0
369,A,221,75,30,,
369,B,625,-27,30,,
369,paddle,687,237,,0,0
370,goal,50,300,,50,300.0
370,upper-wall,475,25,,10,150.0
370,lower-wall,795,345,,10,150.0
370,A,221,75,30,,
370,B,625,-29,30,,
370,paddle,687,237,,0,0
371,goal,50,300,,50,300.0
371,upper-wall,475,25,,10,150.0
371,lower-wall,795,345,,10,150.0
371,A,220,75,30,,
371,B,625,-31,30,,
371,paddle,687,237,,0,0
372,goal,50,300,,50,300.0
372,upper-wall,475,25,,10,150.0
372,lower-wall,795,345,,10,150.0
372,A,219,75,30,,
372,B,625,-32,30,,
372,paddle,687,237,,0,0
373,goal,50,300,,50,300.0
373,upper-wall,475,25,,10,150.0
373,lower-wall,795,345,,10,150.0
373,A,219,75,30,,
373,B,625,-34,30,,
373,paddle,687,237,,0,0
374,goal,50,300,,50,300.0
374,upper-wall,475,25,,10,150.0
374,lower-wall,795,345,,10,150.0
374,A,218,75,30,,
374,B,625,-36,30,,
374,paddle,687,237,,0,0
375,goal,50,300,,50,300.0
375,upper-wall,475,25,,10,150.0
375,lower-wall,795,345,,10,150.0
375,A,217,75,30,,
375,B,625,-38,30,,
375,paddle,687,237,,0,0
376,goal,50,300,,50,300.0
376,upper-wall,475,25,,10,150.0
376,lower-wall,795,345,,10,150.0
376,A,217,75,30,,
376,B,625,-39,30,,
376,paddle,687,237,,0,0
377,goal,50,300,,50,300.0
377,upper-wall,475,25,,10,150.0
377,lower-wall,795,345,,10,150.0
377,A,216,75,30,,
377,B,625,-41,30,,
377,paddle,687,237,,0,0
378,goal,50,300,,50,300.0
378,upper-wall,475,25,,10,150.0
378,lower-wall,795,345,,10,150.0
378,A,216,75,30,,
378,B,625,-43,30,,
378,paddle,687,237,,0,0
379,goal,50,300,,50,300.0
379,upper-wall,475,25,,10,150.0
379,lower-wall,795,345,,10,150.0
379,A,215,75,30,,
379,B,625,-44,30,,
379,paddle,687,237,,0,0
380,goal,50,300,,50,300.0
380,upper-wall,475,25,,10,150.0
380,lower-wall,795,345,,10,150.0
380,A,214,75,30,,
380,B,625,-46,30,,
380,paddle,687,237,,0,0
381,goal,50,300,,50,300.0
381,upper-wall,475,25,,10,150.0
381,lower-wall,795,345,,10,150.0
381,A,214,75,30,,
381,B,625,-48,30,,
381,paddle,687,237,,0,0
382,goal,50,300,,50,300.0
382,upper-wall,475,25,,10,150.0
382,lower-wall,795,345,,10,150.0
382,A,213,75,30,,
382,B,625,-49,30,,
382,paddle,687,237,,0,0
383,goal,50,300,,50,300.0
383,upper-wall,475,25,,10,150.0
383,lower-wall,795,345,,10,150.0
383,A,213,75,30,,
383,B,625,-51,30,,
383,paddle,687,237,,0,0
384,goal,50,300,,50,300.0
384,upper-wall,475,25,,10,150.0
384,lower-wall,795,345,,10,150.0
384,A,212,75,30,,
384,B,625,-53,30,,
384,paddle,687,237,,0,0
385,goal,50,300,,50,300.0
385,upper-wall,475,25,,10,150.0
385,lower-wall,795,345,,10,150.0
385,A,211,75,30,,
385,B,625,-55,30,,
385,paddle,687,237,,0,0
386,goal,50,300,,50,300.0
386,upper-wall,475,25,,10,150.0
386,lower-wall,795,345,,10,150.0
386,A,211,75,30,,
386,B,625,-56,30,,
386,paddle,687,237,,0,0
387,goal,50,300,,50,300.0
387,upper-wall,475,25,,10,150.0
387,lower-wall,795,345,,10,150.0
387,A,210,75,30,,
387,B,625,-58,30,,
387,paddle,687,237,,0,0
388,goal,50,300,,50,300.0
388,upper-wall,475,25,,10,150.0
388,lower-wall,795,345,,10,150.0
388,A,209,75,30,,
388,B,625,-60,30,,
388,paddle,687,237,,0,0
389,goal,50,300,,50,300.0
389,upper-wall,475,25,,10,150.0
389,lower-wall,795,345,,10,150.0
389,A,209,75,30,,
389,B,625,-61,30,,
389,paddle,687,237,,0,0
390,goal,50,300,,50,300.0
390,upper-wall,475,25,,10,150.0
390,lower-wall,795,345,,10,150.0
390,A,208,75,30,,
390,B,625,-63,30,,
390,paddle,687,237,,0,0
391,goal,50,300,,50,300.0
391,upper-wall,475,25,,10,150.0
391,lower-wall,795,345,,10,150.0
391,A,208,75,30,,
391,B,625,-65,30,,
391,paddle,687,237,,0,0
392,goal,50,300,,50,300.0
392,upper-wall,475,25,,10,150.0
392,lower-wall,795,345,,10,150.0
392,A,207,75,30,,
392,B,625,-66,30,,
392,paddle,687,237,,0,0
393,goal,50,300,,50,300.0
393,upper-wall,475,25,,10,150.0
393,lower-wall,795,345,,10,150.0
393,A,206,75,30,,
393,B,625,-68,30,,
393,paddle,687,237,,0,0
394,goal,50,300,,50,300.0
394,upper-wall,475,25,,10,150.0
394,lower-wall,795,345,,10,150.0
394,A,206,75,30,,
394,B,625,-70,30,,
394,paddle,687,237,,0,0
395,goal,50,300,,50,300.0
395,upper-wall,475,25,,10,150.0
395,lower-wall,795,345,,10,150.0
395,A,205,75,30,,
395,B,625,-72,30,,
395,paddle,687,237,,0,0
396,goal,50,300,,50,300.0
396,upper-wall,475,25,,10,150.0
396,lower-wall,795,345,,10,150.0
396,A,204,75,30,,
396,B,625,-73,30,,
396,paddle,687,237,,0,0
397,goal,50,300,,50,300.0
397,upper-wall,475,25,,10,150.0
397,lower-wall,795,345,,10,150.0
397,A,204,75,30,,
397,B,625,-75,30,,
397,paddle,687,237,,0,0
398,goal,50,300,,50,300.0
398,upper-wall,475,25,,10,150.0
398,lower-wall,795,345,,10,150.0
398,A,203,75,30,,
398,B,625,-77,30,,
398,paddle,687,237,,0,0
399,goal,50,300,,50,300.0
399,upper-wall,475,25,,10,150.0
399,lower-wall,795,345,,10,150.0
399,A,203,75,30,,
399,B,625,-78,30,,
399,paddle,687,237,,0,0
400,goal,50,300,,50,300.0
400,upper-wall,475,25,,10,150.0
400,lower-wall,795,345,,10,150.0
400,A,202,75,30,,
400,B,625,-80,30,,
400,paddle,687,237,,0,0
401,goal,50,300,,50,300.0
401,upper-wall,475,25,,10,150.0
401,lower-wall,795,345,,10,150.0
401,A,201,75,30,,
401,B,625,-82,30,,
401,paddle,687,237,,0,0
402,goal,50,300,,50,300.0
402,upper-wall,475,25,,10,150.0
402,lower-wall,795,345,,10,150.0
402,A,201,75,30,,
402,B,625,-83,30,,
402,paddle,687,237,,0,0
403,goal,50,300,,50,300.0
403,upper-wall,475,25,,10,150.0
403,lower-wall,795,345,,10,150.0
403,A,200,75,30,,
403,B,625,-85,30,,
403,paddle,687,237,,0,0
404,goal,50,300,,50,300.0
404,upper-wall,475,25,,10,150.0
404,lower-wall,795,345,,10,150.0
404,A,200,75,30,,
404,B,625,-87,30,,
404,paddle,687,237,,0,0
405,goal,50,300,,50,300.0
405,upper-wall,475,25,,10,150.0
405,lower-wall,795,345,,10,150.0
405,A,199,75,30,,
405,B,625,-89,30,,
405,paddle,687,237,,0,0
406,goal,50,300,,50,300.0
406,upper-wall,475,25,,10,150.0
406,lower-wall,795,345,,10,150.0
406,A,198,75,30,,
406,B,625,-90,30,,
406,paddle,687,237,,0,0
407,goal,50,300,,50,300.0
407,upper-wall,475,25,,10,150.0
407,lower-wall,795,345,,10,150.0
407,A,198,75,30,,
407,B,625,-92,30,,
407,paddle,687,237,,0,0
408,goal,50,300,,50,300.0
408,upper-wall,475,25,,10,150.0
408,lower-wall,795,345,,10,150.0
408,A,197,75,30,,
408,B,625,-94,30,,
408,paddle,687,237,,0,0
409,goal,50,300,,50,300.0
409,upper-wall,475,25,,10,150.0
409,lower-wall,795,345,,10,150.0
409,A,196,75,30,,
409,B,625,-95,30,,
409,paddle,687,237,,0,0
410,goal,50,300,,50,300.0
410,upper-wall,475,25,,10,150.0
410,lower-wall,795,345,,10,150.0
410,A,196,75,30,,
410,B,625,-97,30,,
410,paddle,687,237,,0,0
411,goal,50,300,,50,300.0
411,upper-wall,475,25,,10,150.0
411,lower-wall,795,345,,10,150.0
411,A,195,75,30,,
411,B,625,-99,30,,
411,paddle,687,237,,0,0
412,goal,50,300,,50,300.0
412,upper-wall,475,25,,10,150.0
412,lower-wall,795,345,,10,150.0
412,A,195,75,30,,
412,B,625,-100,30,,
412,paddle,687,237,,0,0
413,goal,50,300,,50,300.0
413,upper-wall,475,25,,10,150.0
413,lower-wall,795,345,,10,150.0
413,A,194,75,30,,
413,B,625,-102,30,,
413,paddle,687,237,,0,0
414,goal,50,300,,50,300.0
414,upper-wall,475,25,,10,150.0
414,lower-wall,795,345,,10,150.0
414,A,193,75,30,,
414,B,625,-104,30,,
414,paddle,687,237,,0,0
415,goal,50,300,,50,300.0
415,upper-wall,475,25,,10,150.0
415,lower-wall,795,345,,10,150.0
415,A,193,75,30,,
415,B,625,-106,30,,
415,paddle,687,237,,0,0
416,goal,50,300,,50,300.0
416,upper-wall,475,25,,10,150.0
416,lower-wall,795,345,,10,150.0
416,A,192,75,30,,
416,B,625,-107,30,,
416,paddle,687,237,,0,0
417,goal,50,300,,50,300.0
417,upper-wall,475,25,,10,150.0
417,lower-wall,795,345,,10,150.0
417,A,191,75,30,,
417,B,625,-109,30,,
417,paddle,687,237,,0,0
418,goal,50,300,,50,300.0
418,upper-wall,475,25,,10,150.0
418,lower-wall,795,345,,10,150.0
418,A,191,75,30,,
418,B,625,-111,30,,
418,paddle,687,237,,0,0
419,goal,50,300,,50,300.0
419,upper-wall,475,25,,10,150.0
419,lower-wall,795,345,,10,150.0
419,A,190,75,30,,
419,B,625,-112,30,,
419,paddle,687,237,,0,0
420,goal,50,300,,50,300.0
420,upper-wall,475,25,,10,150.0
420,lower-wall,795,345,,10,150.0
420,A,190,75,30,,
420,B,625,-114,30,,
420,paddle,687,237,,0,0
421,goal,50,300,,50,300.0
421,upper-wall,475,25,,10,150.0
421,lower-wall,795,345,,10,150.0
421,A,189,75,30,,
421,B,625,-116,30,,
421,paddle,687,237,,0,0
422,goal,50,300,,50,300.0
422,upper-wall,475,25,,10,150.0
422,lower-wall,795,345,,10,150.0
422,A,188,75,30,,
422,B,625,-117,30,,
422,paddle,687,237,,0,0
423,goal,50,300,,50,300.0
423,upper-wall,475,25,,10,150.0
423,lower-wall,795,345,,10,150.0
423,A,188,75,30,,
423,B,625,-119,30,,
423,paddle,687,237,,0,0
424,goal,50,300,,50,300.0
424,upper-wall,475,25,,10,150.0
424,lower-wall,795,345,,10,150.0
424,A,187,75,30,,
424,B,625,-121,30,,
424,paddle,687,237,,0,0
425,goal,50,300,,50,300.0
425,upper-wall,475,25,,10,150.0
425,lower-wall,795,345,,10,150.0
425,A,186,75,30,,
425,B,625,-123,30,,
425,paddle,687,237,,0,0
426,goal,50,300,,50,300.0
426,upper-wall,475,25,,10,150.0
426,lower-wall,795,345,,10,150.0
426,A,186,75,30,,
426,B,625,-124,30,,
426,paddle,687,237,,0,0
427,goal,50,300,,50,300.0
427,upper-wall,475,25,,10,150.0
427,lower-wall,795,345,,10,150.0
427,A,185,75,30,,
427,B,625,-126,30,,
427,paddle,687,237,,0,0
428,goal,50,300,,50,300.0
428,upper-wall,475,25,,10,150.0
428,lower-wall,795,345,,10,150.0
428,A,185,75,30,,
428,B,625,-128,30,,
428,paddle,687,237,,0,0
429,goal,50,300,,50,300.0
429,upper-wall,475,25,,10,150.0
429,lower-wall,795,345,,10,150.0
429,A,184,75,30,,
429,B,625,-129,30,,
429,paddle,687,237,,0,0
430,goal,50,300,,50,300.0
430,upper-wall,475,25,,10,150.0
430,lower-wall,795,345,,10,150.0
430,A,183,75,30,,
430,B,625,-131,30,,
430,paddle,687,237,,0,0
431,goal,50,300,,50,300.0
431,upper-wall,475,25,,10,150.0
431,lower-wall,795,345,,10,150.0
431,A,183,75,30,,
431,B,625,-133,30,,
431,paddle,687,237,,0,0
432,goal,50,300,,50,300.0
432,upper-wall,475,25,,10,150.0
432,lower-wall,795,345,,10,150.0
432,A,182,75,30,,
432,B,625,-134,30,,
432,paddle,687,237,,0,0
433,goal,50,300,,50,300.0
433,upper-wall,475,25,,10,150.0
433,lower-wall,795,345,,10,150.0
433,A,182,75,30,,
433,B,625,-136,30,,
433,paddle,687,237,,0,0
434,goal,50,300,,50,300.0
434,upper-wall,475,25,,10,150.0
434,lower-wall,795,345,,10,150.0
434,A,181,75,30,,
434,B,625,-138,30,,
434,paddle,687,237,,0,0
435,goal,50,300,,50,300.0
435,upper-wall,475,25,,10,150.0
435,lower-wall,795,345,,10,150.0
435,A,180,75,30,,
435,B,625,-140,30,,
435,paddle,687,237,,0,0
436,goal,50,300,,50,300.0
436,upper-wall,475,25,,10,150.0
436,lower-wall,795,345,,10,150.0
436,A,180,75,30,,
436,B,625,-141,30,,
436,paddle,687,237,,0,0
437,goal,50,300,,50,300.0
437,upper-wall,475,25,,10,150.0
437,lower-wall,795,345,,10,150.0
437,A,179,75,30,,
437,B,625,-143,30,,
437,paddle,687,237,,0,0
438,goal,50,300,,50,300.0
438,upper-wall,475,25,,10,150.0
438,lower-wall,795,345,,10,150.0
438,A,178,75,30,,
438,B,625,-145,30,,
438,paddle,687,237,,0,0
439,goal,50,300,,50,300.0
439,upper-wall,475,25,,10,150.0
439,lower-wall,795,345,,10,150.0
439,A,178,75,30,,
439,B,625,-146,30,,
439,paddle,687,237,,0,0
440,goal,50,300,,50,300.0
440,upper-wall,475,25,,10,150.0
440,lower-wall,795,345,,10,150.0
440,A,177,75,30,,
440,B,625,-148,30,,
440,paddle,687,237,,0,0
441,goal,50,300,,50,300.0
441,upper-wall,475,25,,10,150.0
441,lower-wall,795,345,,10,150.0
441,A,177,75,30,,
441,B,625,-150,30,,
441,paddle,687,237,,0,0
442,goal,50,300,,50,300.0
442,upper-wall,475,25,,10,150.0
442,lower-wall,795,345,,10,150.0
442,A,176,75,30,,
442,B,625,-151,30,,
442,paddle,687,237,,0,0
443,goal,50,300,,50,300.0
443,upper-wall,475,25,,10,150.0
443,lower-wall,795,345,,10,150.0
443,A,175,75,30,,
443,B,625,-153,30,,
443,paddle,687,237,,0,0
444,goal,50,300,,50,300.0
444,upper-wall,475,25,,10,150.0
444,lower-wall,795,345,,10,150.0
444,A,175,75,30,,
444,B,625,-155,30,,
444,paddle,687,237,,0,0
445,goal,50,300,,50,300.0
445,upper-wall,475,25,,10,150.0
445,lower-wall,795,345,,10,150.0
445,A,174,75,30,,
445,B,625,-157,30,,
445,paddle,687,237,,0,0
446,goal,50,300,,50,300.0
446,upper-wall,475,25,,10,150.0
446,lower-wall,795,345,,10,150.0
446,A,173,75,30,,
446,B,625,-158,30,,
446,paddle,687,237,,0,0
447,goal,50,300,,50,300.0
447,upper-wall,475,25,,10,150.0
447,lower-wall,795,345,,10,150.0
447,A,173,75,30,,
447,B,625,-160,30,,
447,paddle,687,237,,0,0
448,goal,50,300,,50,300.0
448,upper-wall,475,25,,10,150.0
448,lower-wall,795,345,,10,150.0
448,A,172,75,30,,
448,B,625,-162,30,,
448,paddle,687,237,,0,0
449,goal,50,300,,50,300.0
449,upper-wall,475,25,,10,150.0
449,lower-wall,795,345,,10,150.0
449,A,172,75,30,,
449,B,625,-163,30,,
449,paddle,687,237,,0,0
450,goal,50,300,,50,300.0
450,upper-wall,475,25,,10,150.0
450,lower-wall,795,345,,10,150.0
450,A,171,75,30,,
450,B,625,-165,30,,
450,paddle,687,237,,0,0
451,goal,50,300,,50,300.0
451,upper-wall,475,25,,10,150.0
451,lower-wall,795,345,,10,150.0
451,A,170,75,30,,
451,B,625,-167,30,,
451,paddle,687,237,,0,0
452,goal,50,300,,50,300.0
452,upper-wall,475,25,,10,150.0
452,lower-wall,795,345,,10,150.0
452,A,170,75,30,,
452,B,625,-168,30,,
452,paddle,687,237,,0,0
453,goal,50,300,,50,300.0
453,upper-wall,475,25,,10,150.0
453,lower-wall,795,345,,10,150.0
453,A,169,75,30,,
453,B,625,-170,30,,
453,paddle,687,237,,0,0
454,goal,50,300,,50,300.0
454,upper-wall,475,25,,10,150.0
454,lower-wall,795,345,,10,150.0
454,A,169,75,30,,
454,B,625,-172,30,,
454,paddle,687,237,,0,0
455,goal,50,300,,50,300.0
455,upper-wall,475,25,,10,150.0
455,lower-wall,795,345,,10,150.0
455,A,168,75,30,,
455,B,625,-174,30,,
455,paddle,687,237,,0,0
456,goal,50,300,,50,300.0
456,upper-wall,475,25,,10,150.0
456,lower-wall,795,345,,10,150.0
456,A,167,75,30,,
456,B,625,-175,30,,
456,paddle,687,237,,0,0
457,goal,50,300,,50,300.0
457,upper-wall,475,25,,10,150.0
457,lower-wall,795,345,,10,150.0
457,A,167,75,30,,
457,B,625,-177,30,,
457,paddle,687,237,,0,0
458,goal,50,300,,50,300.0
458,upper-wall,475,25,,10,150.0
458,lower-wall,795,345,,10,150.0
458,A,166,75,30,,
458,B,625,-179,30,,
458,paddle,687,237,,0,0
459,goal,50,300,,50,300.0
459,upper-wall,475,25,,10,150.0
459,lower-wall,795,345,,10,150.0
459,A,165,75,30,,
459,B,625,-180,30,,
459,paddle,687,237,,0,0
460,goal,50,300,,50,300.0
460,upper-wall,475,25,,10,150.0
460,lower-wall,795,345,,10,150.0
460,A,165,75,30,,
460,B,625,-182,30,,
460,paddle,687,237,,0,0
461,goal,50,300,,50,300.0
461,upper-wall,475,25,,10,150.0
461,lower-wall,795,345,,10,150.0
461,A,164,75,30,,
461,B,625,-184,30,,
461,paddle,687,237,,0,0
462,goal,50,300,,50,300.0
462,upper-wall,475,25,,10,150.0
462,lower-wall,795,345,,10,150.0
462,A,164,75,30,,
462,B,625,-185,30,,
462,paddle,687,237,,0,0
463,goal,50,300,,50,300.0
463,upper-wall,475,25,,10,150.0
463,lower-wall,795,345,,10,150.0
463,A,163,75,30,,
463,B,625,-187,30,,
463,paddle,687,237,,0,0
464,goal,50,300,,50,300.0
464,upper-wall,475,25,,10,150.0
464,lower-wall,795,345,,10,150.0
464,A,162,75,30,,
464,B,625,-189,30,,
464,paddle,687,237,,0,0
465,goal,50,300,,50,300.0
465,upper-wall,475,25,,10,150.0
465,lower-wall,795,345,,10,150.0
465,A,162,75,30,,
465,B,625,-191,30,,
465,paddle,687,237,,0,0
466,goal,50,300,,50,300.0
466,upper-wall,475,25,,10,150.0
466,lower-wall,795,345,,10,150.0
466,A,161,75,30,,
466,B,625,-192,30,,
466,paddle,687,237,,0,0
467,goal,50,300,,50,300.0
467,upper-wall,475,25,,10,150.0
467,lower-wall,795,345,,10,150.0
467,A,160,75,30,,
467,B,625,-194,30,,
467,paddle,687,237,,0,0
468,goal,50,300,,50,300.0
468,upper-wall,475,25,,10,150.0
468,lower-wall,795,345,,10,150.0
468,A,160,75,30,,
468,B,625,-196,30,,
468,paddle,687,237,,0,0
469,goal,50,300,,50,300.0
469,upper-wall,475,25,,10,150.0
469,lower-wall,795,345,,10,150.0
469,A,159,75,30,,
469,B,625,-197,30,,
469,paddle,687,237,,0,0
470,goal,50,300,,50,300.0
470,upper-wall,475,25,,10,150.0
470,lower-wall,795,345,,10,150.0
470,A,159,75,30,,
470,B,625,-199,30,,
470,paddle,687,237,,0,0
471,goal,50,300,,50,300.0
471,upper-wall,475,25,,10,150.0
471,lower-wall,795,345,,10,150.0
471,A,158,75,30,,
471,B,625,-201,30,,
471,paddle,687,237,,0,0
472,goal,50,300,,50,300.0
472,upper-wall,475,25,,10,150.0
472,lower-wall,795,345,,10,150.0
472,A,157,75,30,,
472,B,625,-202,30,,
472,paddle,687,237,,0,0
473,goal,50,300,,50,300.0
473,upper-wall,475,25,,10,150.0
473,lower-wall,795,345,,10,150.0
473,A,157,75,30,,
473,B,625,-204,30,,
473,paddle,687,237,,0,0
474,goal,50,300,,50,300.0
474,upper-wall,475,25,,10,150.0
474,lower-wall,795,345,,10,150.0
474,A,156,75,30,,
474,B,625,-206,30,,
474,paddle,687,237,,0,0
475,goal,50,300,,50,300.0
475,upper-wall,475,25,,10,150.0
475,lower-wall,795,345,,10,150.0
475,A,155,75,30,,
475,B,625,-208,30,,
475,paddle,687,237,,0,0
476,goal,50,300,,50,300.0
476,upper-wall,475,25,,10,150.0
476,lower-wall,795,345,,10,150.0
476,A,155,75,30,,
476,B,625,-209,30,,
476,paddle,687,237,,0,0
477,goal,50,300,,50,300.0
477,upper-wall,475,25,,10,150.0
477,lower-wall,795,345,,10,150.0
477,A,154,75,30,,
477,B,625,-211,30,,
477,paddle,687,237,,0,0
478,goal,50,300,,50,300.0
478,upper-wall,475,25,,10,150.0
478,lower-wall,795,345,,10,150.0
478,A,154,75,30,,
478,B,625,-213,30,,
478,paddle,687,237,,0,0
479,goal,50,300,,50,300.0
479,upper-wall,475,25,,10,150.0
479,lower-wall,795,345,,10,150.0
479,A,153,75,30,,
479,B,625,-214,30,,
479,paddle,687,237,,0,0
480,goal,50,300,,50,300.0
480,upper-wall,475,25,,10,150.0
480,lower-wall,795,345,,10,150.0
480,A,152,75,30,,
480,B,625,-216,30,,
480,paddle,687,237,,0,0
481,goal,50,300,,50,300.0
481,upper-wall,475,25,,10,150.0
481,lower-wall,795,345,,10,150.0
481,A,152,75,30,,
481,B,625,-218,30,,
481,paddle,687,237,,0,0
482,goal,50,300,,50,300.0
482,upper-wall,475,25,,10,150.0
482,lower-wall,795,345,,10,150.0
482,A,151,75,30,,
482,B,625,-219,30,,
482,paddle,687,237,,0,0
483,goal,50,300,,50,300.0
483,upper-wall,475,25,,10,150.0
483,lower-wall,795,345,,10,150.0
483,A,151,75,30,,
483,B,625,-221,30,,
483,paddle,687,237,,0,0
484,goal,50,300,,50,300.0
484,upper-wall,475,25,,10,150.0
484,lower-wall,795,345,,10,150.0
484,A,150,75,30,,
484,B,625,-223,30,,
484,paddle,687,237,,0,0
485,goal,50,300,,50,300.0
485,upper-wall,475,25,,10,150.0
485,lower-wall,795,345,,10,150.0
485,A,149,75,30,,
485,B,625,-225,30,,
485,paddle,687,237,,0,0
486,goal,50,300,,50,300.0
486,upper-wall,475,25,,10,150.0
486,lower-wall,795,345,,10,150.0
486,A,149,75,30,,
486,B,625,-226,30,,
486,paddle,687,237,,0,0
487,goal,50,300,,50,300.0
487,upper-wall,475,25,,10,150.0
487,lower-wall,795,345,,10,150.0
487,A,148,75,30,,
487,B,625,-228,30,,
487,paddle,687,237,,0,0
488,goal,50,300,,50,300.0
488,upper-wall,475,25,,10,150.0
488,lower-wall,795,345,,10,150.0
488,A,147,75,30,,
488,B,625,-230,30,,
488,paddle,687,237,,0,0
489,goal,50,300,,50,300.0
489,upper-wall,475,25,,10,150.0
489,lower-wall,795,345,,10,150.0
489,A,147,75,30,,
489,B,625,-231,30,,
489,paddle,687,237,,0,0
490,goal,50,300,,50,300.0
490,upper-wall,475,25,,10,150.0
490,lower-wall,795,345,,10,150.0
490,A,146,75,30,,
490,B,625,-233,30,,
490,paddle,687,237,,0,0
491,goal,50,300,,50,300.0
491,upper-wall,475,25,,10,150.0
491,lower-wall,795,345,,10,150.0
491,A,146,75,30,,
491,B,625,-235,30,,
491,paddle,687,237,,0,0
492,goal,50,300,,50,300.0
492,upper-wall,475,25,,10,150.0
492,lower-wall,795,345,,10,150.0
492,A,145,75,30,,
492,B,625,-236,30,,
492,paddle,687,237,,0,0
493,goal,50,300,,50,300.0
493,upper-wall,475,25,,10,150.0
493,lower-wall,795,345,,10,150.0
493,A,144,75,30,,
493,B,625,-238,30,,
493,paddle,687,237,,0,0
494,goal,50,300,,50,300.0
494,upper-wall,475,25,,10,150.0
494,lower-wall,795,345,,10,150.0
494,A,144,75,30,,
494,B,625,-240,30,,
494,paddle,687,237,,0,0
495,goal,50,300,,50,300.0
495,upper-wall,475,25,,10,150.0
495,lower-wall,795,345,,10,150.0
495,A,143,75,30,,
495,B,625,-242,30,,
495,paddle,687,237,,0,0
496,goal,50,300,,50,300.0
496,upper-wall,475,25,,10,150.0
496,lower-wall,795,345,,10,150.0
496,A,142,75,30,,
496,B,625,-243,30,,
496,paddle,687,237,,0,0
497,goal,50,300,,50,300.0
497,upper-wall,475,25,,10,150.0
497,lower-wall,795,345,,10,150.0
497,A,142,75,30,,
497,B,625,-245,30,,
497,paddle,687,237,,0,0
498,goal,50,300,,50,300.0
498,upper-wall,475,25,,10,150.0
498,lower-wall,795,345,,10,150.0
498,A,141,75,30,,
498,B,625,-247,30,,
498,paddle,687,237,,0,0
499,goal,50,300,,50,300.0
499,upper-wall,475,25,,10,150.0
499,lower-wall,795,345,,10,150.0
499,A,141,75,30,,
499,B,625,-248,30,,
499,paddle,687,237,,0,0
500,goal,50,300,,50,300.0
500,upper-wall,475,25,,10,150.0
500,lower-wall,795,345,,10,150.0
500,A,140,75,30,,
500,B,625,-250,30,,
500,paddle,687,237,,0,0
501,goal,50,300,,50,300.0
501,upper-wall,475,25,,10,150.0
501,lower-wall,795,345,,10,150.0
501,A,139,75,30,,
501,B,625,-252,30,,
501,paddle,687,237,,0,0
502,goal,50,300,,50,300.0
502,upper-wall,475,25,,10,150.0
502,lower-wall,795,345,,10,150.0
502,A,139,75,30,,
502,B,625,-253,30,,
502,paddle,687,237,,0,0
503,goal,50,300,,50,300.0
503,upper-wall,475,25,,10,150.0
503,lower-wall,795,345,,10,150.0
503,A,138,75,30,,
503,B,625,-255,30,,
503,paddle,687,237,,0,0
504,goal,50,300,,50,300.0
504,upper-wall,475,25,,10,150.0
504,lower-wall,795,345,,10,150.0
504,A,138,75,30,,
504,B,625,-257,30,,
504,paddle,687,237,,0,0
505,goal,50,300,,50,300.0
505,upper-wall,475,25,,10,150.0
505,lower-wall,795,345,,10,150.0
505,A,137,75,30,,
505,B,625,-259,30,,
505,paddle,687,237,,0,0
506,goal,50,300,,50,300.0
506,upper-wall,475,25,,10,150.0
506,lower-wall,795,345,,10,150.0
506,A,136,75,30,,
506,B,625,-260,30,,
506,paddle,687,237,,0,0
507,goal,50,300,,50,300.0
507,upper-wall,475,25,,10,150.0
507,lower-wall,795,345,,10,150.0
507,A,136,75,30,,
507,B,625,-262,30,,
507,paddle,687,237,,0,0
508,goal,50,300,,50,300.0
508,upper-wall,475,25,,10,150.0
508,lower-wall,795,345,,10,150.0
508,A,135,75,30,,
508,B,625,-264,30,,
508,paddle,687,237,,0,0
509,goal,50,300,,50,300.0
509,upper-wall,475,25,,10,150.0
509,lower-wall,795,345,,10,150.0
509,A,134,75,30,,
509,B,625,-265,30,,
509,paddle,687,237,,0,0
510,goal,50,300,,50,300.0
510,upper-wall,475,25,,10,150.0
510,lower-wall,795,345,,10,150.0
510,A,134,75,30,,
510,B,625,-267,30,,
510,paddle,687,237,,0,0
511,goal,50,300,,50,300.0
511,upper-wall,475,25,,10,150.0
511,lower-wall,795,345,,10,150.0
511,A,133,75,30,,
511,B,625,-269,30,,
511,paddle,687,237,,0,0
512,goal,50,300,,50,300.0
512,upper-wall,475,25,,10,150.0
512,lower-wall,795,345,,10,150.0
512,A,133,75,30,,
512,B,625,-270,30,,
512,paddle,687,237,,0,0
513,goal,50,300,,50,300.0
513,upper-wall,475,25,,10,150.0
513,lower-wall,795,345,,10,150.0
513,A,132,75,30,,
513,B,625,-272,30,,
513,paddle,687,237,,0,0
514,goal,50,300,,50,300.0
514,upper-wall,475,25,,10,150.0
514,lower-wall,795,345,,10,150.0
514,A,131,75,30,,
514,B,625,-274,30,,
514,paddle,687,237,,0,0
515,goal,50,300,,50,300.0
515,upper-wall,475,25,,10,150.0
515,lower-wall,795,345,,10,150.0
515,A,131,75,30,,
515,B,625,-276,30,,
515,paddle,687,237,,0,0
516,goal,50,300,,50,300.0
516,upper-wall,475,25,,10,150.0
516,lower-wall,795,345,,10,150.0
516,A,130,75,30,,
516,B,625,-277,30,,
516,paddle,687,237,,0,0
517,goal,50,300,,50,300.0
517,upper-wall,475,25,,10,150.0
517,lower-wall,795,345,,10,150.0
517,A,129,75,30,,
517,B,625,-279,30,,
517,paddle,687,237,,0,0
518,goal,50,300,,50,300.0
518,upper-wall,475,25,,10,150.0
518,lower-wall,795,345,,10,150.0
518,A,129,75,30,,
518,B,625,-281,30,,
518,paddle,687,237,,0,0
519,goal,50,300,,50,300.0
519,upper-wall,475,25,,10,150.0
519,lower-wall,795,345,,10,150.0
519,A,128,75,30,,
519,B,625,-282,30,,
519,paddle,687,237,,0,0
520,goal,50,300,,50,300.0
520,upper-wall,475,25,,10,150.0
520,lower-wall,795,345,,10,150.0
520,A,128,75,30,,
520,B,625,-284,30,,
520,paddle,687,237,,0,0
521,goal,50,300,,50,300.0
521,upper-wall,475,25,,10,150.0
521,lower-wall,795,345,,10,150.0
521,A,127,75,30,,
521,B,625,-286,30,,
521,paddle,687,237,,0,0
522,goal,50,300,,50,300.0
522,upper-wall,475,25,,10,150.0
522,lower-wall,795,345,,10,150.0
522,A,127,75,30,,
522,B,625,-287,30,,
522,paddle,687,237,,0,0
523,goal,50,300,,50,300.0
523,upper-wall,475,25,,10,150.0
523,lower-wall,795,345,,10,150.0
523,A,126,75,30,,
523,B,625,-289,30,,
523,paddle,687,237,,0,0
524,goal,50,300,,50,300.0
524,upper-wall,475,25,,10,150.0
524,lower-wall,795,345,,10,150.0
524,A,126,75,30,,
524,B,625,-291,30,,
524,paddle,687,237,,0,0
525,goal,50,300,,50,300.0
525,upper-wall,475,25,,10,150.0
525,lower-wall,795,345,,10,150.0
525,A,125,75,30,,
525,B,625,-293,30,,
525,paddle,687,237,,0,0
526,goal,50,300,,50,300.0
526,upper-wall,475,25,,10,150.0
526,lower-wall,795,345,,10,150.0
526,A,125,75,30,,
526,B,625,-294,30,,
526,paddle,687,237,,0,0
527,goal,50,300,,50,300.0
527,upper-wall,475,25,,10,150.0
527,lower-wall,795,345,,10,150.0
527,A,124,75,30,,
527,B,625,-296,30,,
527,paddle,687,237,,0,0
528,goal,50,300,,50,300.0
528,upper-wall,475,25,,10,150.0
528,lower-wall,795,345,,10,150.0
528,A,124,75,30,,
528,B,625,-298,30,,
528,paddle,687,237,,0,0
529,goal,50,300,,50,300.0
529,upper-wall,475,25,,10,150.0
529,lower-wall,795,345,,10,150.0
529,A,123,75,30,,
529,B,625,-299,30,,
529,paddle,687,237,,0,0
530,goal,50,300,,50,300.0
530,upper-wall,475,25,,10,150.0
530,lower-wall,795,345,,10,150.0
530,A,123,75,30,,
530,B,625,-301,30,,
530,paddle,687,237,,0,0
531,goal,50,300,,50,300.0
531,upper-wall,475,25,,10,150.0
531,lower-wall,795,345,,10,150.0
531,A,122,75,30,,
531,B,625,-303,30,,
531,paddle,687,237,,0,0
532,goal,50,300,,50,300.0
532,upper-wall,475,25,,10,150.0
532,lower-wall,795,345,,10,150.0
532,A,122,75,30,,
532,B,625,-304,30,,
532,paddle,687,237,,0,0
533,goal,50,300,,50,300.0
533,upper-wall,475,25,,10,150.0
533,lower-wall,795,345,,10,150.0
533,A,121,75,30,,
533,B,625,-306,30,,
533,paddle,687,237,,0,0
534,goal,50,300,,50,300.0
534,upper-wall,475,25,,10,150.0
534,lower-wall,795,345,,10,150.0
534,A,121,75,30,,
534,B,625,-308,30,,
534,paddle,687,237,,0,0
535,goal,50,300,,50,300.0
535,upper-wall,475,25,,10,150.0
535,lower-wall,795,345,,10,150.0
535,A,120,75,30,,
535,B,625,-310,30,,
535,paddle,687,237,,0,0
536,goal,50,300,,50,300.0
536,upper-wall,475,25,,10,150.0
536,lower-wall,795,345,,10,150.0
536,A,120,75,30,,
536,B,625,-311,30,,
536,paddle,687,237,,0,0
537,goal,50,300,,50,300.0
537,upper-wall,475,25,,10,150.0
537,lower-wall,795,345,,10,150.0
537,A,120,75,30,,
537,B,625,-313,30,,
537,paddle,687,237,,0,0
538,goal,50,300,,50,300.0
538,upper-wall,475,25,,10,150.0
538,lower-wall,795,345,,10,150.0
538,A,119,75,30,,
538,B,625,-315,30,,
538,paddle,687,237,,0,0
539,goal,50,300,,50,300.0
539,upper-wall,475,25,,10,150.0
539,lower-wall,795,345,,10,150.0
539,A,119,75,30,,
539,B,625,-316,30,,
539,paddle,687,237,,0,0
540,goal,50,300,,50,300.0
540,upper-wall,475,25,,10,150.0
540,lower-wall,795,345,,10,150.0
540,A,118,75,30,,
540,B,625,-318,30,,
540,paddle,687,237,,0,0
541,goal,50,300,,50,300.0
541,upper-wall,475,25,,10,150.0
541,lower-wall,795,345,,10,150.0
541,A,118,75,30,,
541,B,625,-320,30,,
541,paddle,687,237,,0,0
542,goal,50,300,,50,300.0
542,upper-wall,475,25,,10,150.0
542,lower-wall,795,345,,10,150.0
542,A,118,75,30,,
542,B,625,-321,30,,
542,paddle,687,237,,0,0
543,goal,50,300,,50,300.0
543,upper-wall,475,25,,10,150.0
543,lower-wall,795,345,,10,150.0
543,A,117,75,30,,
543,B,625,-323,30,,
543,paddle,687,237,,0,0
544,goal,50,300,,50,300.0
544,upper-wall,475,25,,10,150.0
544,lower-wall,795,345,,10,150.0
544,A,117,75,30,,
544,B,625,-325,30,,
544,paddle,687,237,,0,0
545,goal,50,300,,50,300.0
545,upper-wall,475,25,,10,150.0
545,lower-wall,795,345,,10,150.0
545,A,117,75,30,,
545,B,625,-327,30,,
545,paddle,687,237,,0,0
546,goal,50,300,,50,300.0
546,upper-wall,475,25,,10,150.0
546,lower-wall,795,345,,10,150.0
546,A,116,75,30,,
546,B,625,-328,30,,
546,paddle,687,237,,0,0
547,goal,50,300,,50,300.0
547,upper-wall,475,25,,10,150.0
547,lower-wall,795,345,,10,150.0
547,A,116,75,30,,
547,B,625,-330,30,,
547,paddle,687,237,,0,0
548,goal,50,300,,50,300.0
548,upper-wall,475,25,,10,150.0
548,lower-wall,795,345,,10,150.0
548,A,116,75,30,,
548,B,625,-332,30,,
548,paddle,687,237,,0,0
549,goal,50,300,,50,300.0
549,upper-wall,475,25,,10,150.0
549,lower-wall,795,345,,10,150.0
549,A,115,75,30,,
549,B,625,-333,30,,
549,paddle,687,237,,0,0
550,goal,50,300,,50,300.0
550,upper-wall,475,25,,10,150.0
550,lower-wall,795,345,,10,150.0
550,A,115,75,30,,
550,B,625,-335,30,,
550,paddle,687,237,,0,0
551,goal,50,300,,50,300.0
551,upper-wall,475,25,,10,150.0
551,lower-wall,795,345,,10,150.0
551,A,115,75,30,,
551,B,625,-337,30,,
551,paddle,687,237,,0,0
552,goal,50,300,,50,300.0
552,upper-wall,475,25,,10,150.0
552,lower-wall,795,345,,10,150.0
552,A,114,75,30,,
552,B,625,-338,30,,
552,paddle,687,237,,0,0
553,goal,50,300,,50,300.0
553,upper-wall,475,25,,10,150.0
553,lower-wall,795,345,,10,150.0
553,A,114,75,30,,
553,B,625,-340,30,,
553,paddle,687,237,,0,0
554,goal,50,300,,50,300.0
554,upper-wall,475,25,,10,150.0
554,lower-wall,795,345,,10,150.0
554,A,114,75,30,,
554,B,625,-342,30,,
554,paddle,687,237,,0,0
555,goal,50,300,,50,300.0
555,upper-wall,475,25,,10,150.0
555,lower-wall,795,345,,10,150.0
555,A,113,75,30,,
555,B,625,-344,30,,
555,paddle,687,237,,0,0
556,goal,50,300,,50,300.0
556,upper-wall,475,25,,10,150.0
556,lower-wall,795,345,,10,150.0
556,A,113,75,30,,
556,B,625,-345,30,,
556,paddle,687,237,,0,0
557,goal,50,300,,50,300.0
557,upper-wall,475,25,,10,150.0
557,lower-wall,795,345,,10,150.0
557,A,113,75,30,,
557,B,625,-347,30,,
557,paddle,687,237,,0,0
558,goal,50,300,,50,300.0
558,upper-wall,475,25,,10,150.0
558,lower-wall,795,345,,10,150.0
558,A,113,75,30,,
558,B,625,-349,30,,
558,paddle,687,237,,0,0
559,goal,50,300,,50,300.0
559,upper-wall,475,25,,10,150.0
559,lower-wall,795,345,,10,150.0
559,A,112,75,30,,
559,B,625,-350,30,,
559,paddle,687,237,,0,0
560,goal,50,300,,50,300.0
560,upper-wall,475,25,,10,150.0
560,lower-wall,795,345,,10,150.0
560,A,112,75,30,,
560,B,625,-352,30,,
560,paddle,687,237,,0,0
561,goal,50,300,,50,300.0
561,upper-wall,475,25,,10,150.0
561,lower-wall,795,345,,10,150.0
561,A,112,75,30,,
561,B,625,-354,30,,
561,paddle,687,237,,0,0
562,goal,50,300,,50,300.0
562,upper-wall,475,25,,10,150.0
562,lower-wall,795,345,,10,150.0
562,A,112,75,30,,
562,B,625,-355,30,,
562,paddle,687,237,,0,0
563,goal,50,300,,50,300.0
563,upper-wall,475,25,,10,150.0
563,lower-wall,795,345,,10,150.0
563,A,111,75,30,,
563,B,625,-357,30,,
563,paddle,687,237,,0,0
564,goal,50,300,,50,300.0
564,upper-wall,475,25,,10,150.0
564,lower-wall,795,345,,10,150.0
564,A,111,75,30,,
564,B,625,-359,30,,
564,paddle,687,237,,0,0
565,goal,50,300,,50,300.0
565,upper-wall,475,25,,10,150.0
565,lower-wall,795,345,,10,150.0
565,A,111,75,30,,
565,B,625,-361,30,,
565,paddle,687,237,,0,0
566,goal,50,300,,50,300.0
566,upper-wall,475,25,,10,150.0
566,lower-wall,795,345,,10,150.0
566,A,111,75,30,,
566,B,625,-362,30,,
566,paddle,687,237,,0,0
567,goal,50,300,,50,300.0
567,upper-wall,475,25,,10,150.0
567,lower-wall,795,345,,10,150.0
567,A,110,75,30,,
567,B,625,-364,30,,
567,paddle,687,237,,0,0
568,goal,50,300,,50,300.0
568,upper-wall,475,25,,10,150.0
568,lower-wall,795,345,,10,150.0
568,A,110,75,30,,
568,B,625,-366,30,,
568,paddle,687,237,,0,0
569,goal,50,300,,50,300.0
569,upper-wall,475,25,,10,150.0
569,lower-wall,795,345,,10,150.0
569,A,110,75,30,,
569,B,625,-367,30,,
569,paddle,687,237,,0,0
570,goal,50,300,,50,300.0
570,upper-wall,475,25,,10,150.0
570,lower-wall,795,345,,10,150.0
570,A,110,75,30,,
570,B,625,-369,30,,
570,paddle,687,237,,0,0
571,goal,50,300,,50,300.0
571,upper-wall,475,25,,10,150.0
571,lower-wall,795,345,,10,150.0
571,A,110,75,30,,
571,B,625,-371,30,,
571,paddle,687,237,,0,0
572,goal,50,300,,50,300.0
572,upper-wall,475,25,,10,150.0
572,lower-wall,795,345,,10,150.0
572,A,109,75,30,,
572,B,625,-372,30,,
572,paddle,687,237,,0,0
573,goal,50,300,,50,300.0
573,upper-wall,475,25,,10,150.0
573,lower-wall,795,345,,10,150.0
573,A,109,75,30,,
573,B,625,-374,30,,
573,paddle,687,237,,0,0
574,goal,50,300,,50,300.0
574,upper-wall,475,25,,10,150.0
574,lower-wall,795,345,,10,150.0
574,A,109,75,30,,
574,B,625,-376,30,,
574,paddle,687,237,,0,0
575,goal,50,300,,50,300.0
575,upper-wall,475,25,,10,150.0
575,lower-wall,795,345,,10,150.0
575,A,109,75,30,,
575,B,625,-378,30,,
575,paddle,687,237,,0,0
576,goal,50,300,,50,300.0
576,upper-wall,475,25,,10,150.0
576,lower-wall,795,345,,10,150.0
576,A,109,75,30,,
576,B,625,-379,30,,
576,paddle,687,237,,0,0
577,goal,50,300,,50,300.0
577,upper-wall,475,25,,10,150.0
577,lower-wall,795,345,,10,150.0
577,A,108,75,30,,
577,B,625,-381,30,,
577,paddle,687,237,,0,0
578,goal,50,300,,50,300.0
578,upper-wall,475,25,,10,150.0
578,lower-wall,795,345,,10,150.0
578,A,108,75,30,,
578,B,625,-383,30,,
578,paddle,687,237,,0,0
579,goal,50,300,,50,300.0
579,upper-wall,475,25,,10,150.0
579,lower-wall,795,345,,10,150.0
579,A,108,75,30,,
579,B,625,-384,30,,
579,paddle,687,237,,0,0
580,goal,50,300,,50,300.0
580,upper-wall,475,25,,10,150.0
580,lower-wall,795,345,,10,150.0
580,A,108,75,30,,
580,B,625,-386,30,,
580,paddle,687,237,,0,0
581,goal,50,300,,50,300.0
581,upper-wall,475,25,,10,150.0
581,lower-wall,795,345,,10,150.0
581,A,108,75,30,,
581,B,625,-388,30,,
581,paddle,687,237,,0,0
582,goal,50,300,,50,300.0
582,upper-wall,475,25,,10,150.0
582,lower-wall,795,345,,10,150.0
582,A,107,75,30,,
582,B,625,-389,30,,
582,paddle,687,237,,0,0
583,goal,50,300,,50,300.0
583,upper-wall,475,25,,10,150.0
583,lower-wall,795,345,,10,150.0
583,A,107,75,30,,
583,B,625,-391,30,,
583,paddle,687,237,,0,0
584,goal,50,300,,50,300.0
584,upper-wall,475,25,,10,150.0
584,lower-wall,795,345,,10,150.0
584,A,107,75,30,,
584,B,625,-393,30,,
584,paddle,687,237,,0,0
585,goal,50,300,,50,300.0
585,upper-wall,475,25,,10,150.0
585,lower-wall,795,345,,10,150.0
585,A,107,75,30,,
585,B,625,-394,30,,
585,paddle,687,237,,0,0
586,goal,50,300,,50,300.0
586,upper-wall,475,25,,10,150.0
586,lower-wall,795,345,,10,150.0
586,A,107,75,30,,
586,B,625,-396,30,,
586,paddle,687,237,,0,0
587,goal,50,300,,50,300.0
587,upper-wall,475,25,,10,150.0
587,lower-wall,795,345,,10,150.0
587,A,107,75,30,,
587,B,625,-398,30,,
587,paddle,687,237,,0,0
588,goal,50,300,,50,300.0
588,upper-wall,475,25,,10,150.0
588,lower-wall,795,345,,10,150.0
588,A,107,75,30,,
588,B,625,-400,30,,
588,paddle,687,237,,0,0
589,goal,50,300,,50,300.0
589,upper-wall,475,25,,10,150.0
589,lower-wall,795,345,,10,150.0
589,A,106,75,30,,
589,B,625,-401,30,,
589,paddle,687,237,,0,0
590,goal,50,300,,50,300.0
590,upper-wall,475,25,,10,150.0
590,lower-wall,795,345,,10,150.0
590,A,106,75,30,,
590,B,625,-403,30,,
590,paddle,687,237,,0,0
591,goal,50,300,,50,300.0
591,upper-wall,475,25,,10,150.0
591,lower-wall,795,345,,10,150.0
591,A,106,75,30,,
591,B,625,-405,30,,
591,paddle,687,237,,0,0
592,goal,50,300,,50,300.0
592,upper-wall,475,25,,10,150.0
592,lower-wall,795,345,,10,150.0
592,A,106,75,30,,
592,B,625,-406,30,,
592,paddle,687,237,,0,0
593,goal,50,300,,50,300.0
593,upper-wall,475,25,,10,150.0
593,lower-wall,795,345,,10,150.0
593,A,106,75,30,,
593,B,625,-408,30,,
593,paddle,687,237,,0,0
594,goal,50,300,,50,300.0
594,upper-wall,475,25,,10,150.0
594,lower-wall,795,345,,10,150.0
594,A,106,75,30,,
594,B,625,-410,30,,
594,paddle,687,237,,0,0
595,goal,50,300,,50,300.0
595,upper-wall,475,25,,10,150.0
595,lower-wall,795,345,,10,150.0
595,A,106,75,30,,
595,B,625,-411,30,,
595,paddle,687,237,,0,0
596,goal,50,300,,50,300.0
596,upper-wall,475,25,,10,150.0
596,lower-wall,795,345,,10,150.0
596,A,105,75,30,,
596,B,625,-413,30,,
596,paddle,687,237,,0,0
597,goal,50,300,,50,300.0
597,upper-wall,475,25,,10,150.0
597,lower-wall,795,345,,10,150.0
597,A,105,75,30,,
597,B,625,-415,30,,
597,paddle,687,237,,0,0
598,goal,50,300,,50,300.0
598,upper-wall,475,25,,10,150.0
598,lower-wall,795,345,,10,150.0
598,A,105,75,30,,
598,B,625,-417,30,,
598,paddle,687,237,,0,0
599,goal,50,300,,50,300.0
599,upper-wall,475,25,,10,150.0
599,lower-wall,795,345,,10,150.0
599,A,105,75,30,,
599,B,625,-418,30,,
599,paddle,687,237,,0,0
600,goal,50,300,,50,300.0
600,upper-wall,475,25,,10,150.0
600,lower-wall,795,345,,10,150.0
600,A,105,75,30,,
600,B,625,-420,30,,
600,paddle,687,237,,0,0
